travel_mode,TrvlTime_number,Age,indiv_trvl_frequency,HHVeh,HHsize
0,166.964,46,54,3,5
1,900.0,47,24,3,5
1,1235.0,38,20,2,5
1,801.0,51,30,2,4
1,1799.924,22,48,3,3
1,311.0,47,38,2,5
1,624.0,17,84,4,4
1,2158.0,28,8,1,2
1,2122.0,33,18,2,2
1,2460.0,26,5,1,1
1,505.0,17,84,3,6
1,1080.0,46,36,3,3
1,350.0,60,32,2,3
1,124.0,59,18,2,3
0,1415.0,50,10,1,3
1,19.99998,73,18,1,2
1,1244.175,32,28,2,4
1,240.0,22,51,3,4
0,297.196,40,40,2,5
1,766.0,73,16,2,2
1,2400.0,67,38,2,2
1,176.0,73,16,4,6
1,300.0,46,18,1,5
1,1163.878,39,10,1,1
0,300.0,48,11,0,1
1,1261.0,44,18,2,5
1,171.0,53,78,2,3
0,138.0,31,13,0,3
0,420.518,33,22,2,4
1,1311.0,30,8,1,1
1,264.0,46,15,1,2
0,290.146,34,17,1,4
1,1837.459,64,24,2,2
1,620.0,67,9,1,2
1,2330.0,48,6,2,3
1,560.0,61,18,2,2
1,1380.0,41,24,2,5
1,1081.785,37,34,2,4
1,1045.0,48,20,1,1
1,3000.0,46,33,3,4
0,541.0,19,13,0,1
1,516.0,61,70,2,4
1,787.0,41,40,2,5
0,1350.0,60,30,3,3
0,154.0,51,20,2,2
1,319.0,38,14,1,3
1,1339.576,17,32,2,5
0,380.0,66,15,1,2
1,422.313,54,48,3,3
1,900.0,30,16,2,2
1,3244.126,22,32,4,5
0,1500.0,18,12,2,3
1,1750.0,41,22,2,6
0,67.99998,70,5,0,2
1,1282.0,44,16,2,4
0,300.0,21,5,0,3
0,840.0,16,12,1,4
0,620.0,68,21,1,2
1,2550.0,36,16,2,11
1,2797.0,36,38,2,4
1,1380.0,43,13,1,6
1,635.0,50,11,1,5
1,2150.0,50,17,1,3
1,255.0,35,42,3,3
0,319.99998,39,11,1,5
1,459.0,45,32,1,6
1,900.0,44,11,1,1
1,351.0,72,30,2,2
1,180.0,25,12,3,5
1,1699.0,55,40,2,6
0,120.0,30,19,0,6
1,760.0,48,16,1,3
0,660.0,61,17,1,3
1,1720.0,66,10,1,2
0,216.0,70,14,0,1
1,300.0,31,57,3,3
1,249.888,35,38,2,5
0,126.0,26,12,1,1
1,1200.0,26,9,1,3
0,467.017,55,60,3,4
1,169.0,26,22,1,5
1,639.0,47,22,1,4
1,10264.0,55,8,2,3
1,1369.0,27,11,1,5
1,429.0,82,10,1,2
0,500.0,61,30,2,2
1,200.0,45,24,1,4
1,2124.166,25,26,2,3
1,2400.0,56,36,4,4
1,1334.872,50,26,2,3
1,243.0,62,88,4,5
1,900.0,53,22,2,3
0,368.0,48,34,2,5
1,1732.11,32,9,1,3
1,269.0,40,28,2,4
1,360.0,43,24,2,5
1,597.0,64,6,2,3
1,221.0,44,20,2,4
0,260.0,43,7,1,11
1,840.0,59,38,2,2
1,2280.0,38,36,2,3
1,1960.0,41,3,1,4
1,2283.0,42,30,3,7
1,1886.0,50,32,4,4
1,2354.0,44,24,2,4
1,2176.0,42,18,3,5
0,2350.0,70,24,2,6
1,363.0,31,30,2,2
0,480.0,33,7,1,1
1,958.0,38,66,2,6
1,822.005,51,34,1,4
1,900.0,31,19,1,4
1,1219.0,26,22,1,1
1,942.0,53,18,2,2
1,900.0,60,26,2,2
1,2249.0,60,26,1,1
1,434.482,35,16,2,6
0,380.0,72,18,1,1
1,270.94,49,24,2,4
1,2273.37,21,56,2,2
0,219.0,55,18,2,6
1,602.759,61,33,3,2
1,2395.078,60,22,2,3
0,1745.0,38,7,0,4
1,8100.0,53,28,2,3
0,300.0,42,22,2,5
1,271.0,54,36,3,3
1,801.0,77,26,1,2
1,720.0,30,42,2,4
1,1209.045,52,32,2,4
1,1784.0,73,26,1,2
1,1400.0,40,15,1,6
1,515.0,70,18,2,2
1,872.0,36,22,2,3
1,500.0,47,58,2,5
0,169.0,65,42,2,2
1,472.0,68,18,3,4
1,5690.746,31,54,6,6
1,480.0,50,33,3,5
0,950.0,36,8,1,5
1,400.0,53,22,2,3
1,2303.0,40,22,2,4
1,2625.0,64,39,3,5
1,180.0,39,21,1,5
1,554.0,31,16,2,4
0,273.0,23,12,0,1
1,600.0,52,20,2,4
1,1564.0,66,46,2,3
1,365.0,42,52,2,4
1,417.0,35,24,1,3
0,300.0,36,3,0,2
1,376.258,20,17,1,1
1,660.0,44,46,2,6
1,785.0,35,15,1,3
0,180.0,39,38,2,5
1,405.0,42,14,2,3
1,1554.731,25,88,4,4
0,350.484,40,13,0,4
1,2700.0,30,24,2,3
1,361.33,65,34,2,3
1,220.0,50,19,1,5
0,600.0,73,13,0,1
1,977.0,45,26,2,5
1,1483.0,31,13,1,3
1,1500.0,74,18,2,2
1,1140.0,57,6,1,4
1,79.99998,51,42,1,4
1,492.0,33,18,2,3
1,1000.0,40,23,1,5
1,180.0,43,42,2,5
1,1627.0,51,11,1,4
1,299.752,39,44,2,3
1,721.0,68,22,2,2
1,1066.0,48,18,2,4
0,400.0,41,11,0,8
1,480.0,30,20,2,3
1,757.0,25,33,3,6
1,2638.0,52,22,2,4
1,1686.0,56,24,2,4
1,120.0,33,30,2,4
0,1042.0,54,92,4,8
0,390.0,26,6,0,1
1,640.0,41,17,1,6
1,46.00002,61,75,3,3
1,240.0,39,22,1,7
1,240.0,30,11,1,4
0,878.0,25,7,0,1
1,399.0,49,27,3,4
1,2509.0,31,6,2,3
1,251.0,25,54,0,1
1,559.0,52,66,2,4
1,807.0,40,30,2,5
1,345.0,35,20,4,6
1,42.0,31,48,2,3
1,203.0,28,11,1,1
1,1192.0,58,17,1,1
1,350.0,47,28,2,4
1,2900.0,33,80,4,4
1,780.0,37,28,2,5
1,2517.0,36,50,1,1
1,584.0,53,36,4,4
0,180.0,32,26,1,6
1,2700.0,49,12,2,4
1,3100.0,43,50,2,5
1,390.0,53,78,2,3
1,169.0,50,12,2,6
1,900.0,47,54,3,4
1,650.0,34,42,2,4
1,360.0,52,16,1,4
1,1050.0,65,12,2,3
1,240.0,33,22,2,3
1,1680.0,50,48,3,4
0,168.0,48,30,2,2
1,750.0,51,34,2,4
1,600.0,69,48,1,3
1,839.96,60,38,2,2
1,66.48,31,48,2,4
0,300.0,19,21,0,2
1,1906.505,41,72,2,6
1,720.0,42,34,2,4
1,1299.0,52,48,4,4
1,1512.333,39,20,2,5
1,462.723,52,50,2,1
1,390.0,48,26,2,4
1,3660.0,23,24,3,5
0,648.0,71,16,0,2
1,2923.997,29,18,2,2
0,1250.0,60,11,1,3
0,120.0,31,22,1,5
1,2082.15,53,30,2,2
1,83.178,39,32,2,5
0,660.0,32,27,1,5
1,275.0,46,14,2,4
1,346.0,32,44,2,4
1,60.0,51,24,2,3
1,725.0,23,39,3,5
1,779.0,48,24,2,3
1,2326.0,61,57,3,3
0,714.0,44,5,1,4
1,660.0,56,16,1,1
1,787.0,24,15,3,4
1,2446.0,46,16,2,5
1,700.0,30,20,2,5
1,200.0,58,78,3,3
0,187.934,54,14,0,1
1,1920.0,54,75,3,5
1,1264.0,35,18,2,3
1,382.0,67,24,2,2
1,400.0,18,60,3,5
1,450.0,39,31,1,8
0,256.02,49,40,2,4
0,600.0,39,20,1,3
0,820.0,31,29,0,8
1,433.0,45,74,2,5
1,1954.65,26,24,1,4
1,542.0,28,24,2,3
1,1172.324,57,30,2,2
0,414.0,35,8,1,2
1,100.0,60,16,2,5
1,3326.0,60,24,2,4
1,950.0,56,105,3,3
1,950.0,66,16,1,1
1,400.0,55,16,2,5
0,480.0,19,4,1,13
1,1232.0,45,30,2,5
0,180.0,32,15,1,4
1,977.0,45,34,2,5
1,360.0,42,32,2,4
1,2921.0,48,80,2,6
1,182.0,32,13,1,1
1,196.0,29,34,2,4
0,350.0,41,21,0,11
0,450.0,19,7,1,9
1,600.0,40,24,2,5
1,1577.817,54,31,1,4
0,520.0,36,24,1,6
1,1009.0,36,8,2,2
1,270.0,32,48,2,4
1,1072.488,55,62,2,2
1,300.0,25,15,1,4
1,1200.0,73,34,2,2
1,255.024,32,38,2,3
1,479.737,39,26,1,5
1,625.0,37,14,2,5
0,295.512,24,7,1,2
1,180.0,39,16,2,4
1,2948.288,60,27,3,4
1,1082.0,59,11,1,2
1,260.0,57,22,2,2
1,1040.0,53,44,4,3
1,840.0,38,54,2,5
1,485.0,41,18,2,5
1,2640.0,45,36,2,4
0,176.0,72,18,2,2
1,444.0,49,18,2,5
1,513.72,36,18,1,1
1,1223.247,45,38,2,4
1,269.0,45,24,2,5
1,721.0,40,34,2,5
1,1155.152,39,105,3,3
1,750.0,58,8,1,1
1,1800.0,58,20,2,6
1,259.973,57,14,2,5
1,600.0,40,36,2,5
1,2160.0,41,74,2,5
1,740.0,83,9,1,2
1,722.0,68,26,1,2
1,389.546,44,44,2,5
1,808.0,50,44,2,4
0,150.0,25,14,0,3
1,1989.565,39,105,3,3
1,2361.149,40,27,3,4
1,3600.0,52,6,2,4
0,1100.0,17,16,2,4
1,4209.897,50,24,3,5
0,647.0,16,18,1,5
1,1500.0,63,22,2,4
0,444.0,40,19,0,9
1,184.0,54,12,1,2
1,435.9,52,28,2,3
1,2882.255,50,33,3,4
1,571.0,46,28,2,5
1,600.0,32,14,1,6
1,300.0,39,16,2,5
0,19.99998,30,8,1,2
1,2343.0,38,68,2,4
1,882.795,42,56,2,7
1,630.455,51,18,2,2
1,310.0,52,20,2,3
0,850.99998,30,23,1,2
1,300.0,39,18,2,6
1,1764.0,52,16,1,5
1,2838.0,43,36,4,3
1,871.0,70,15,1,2
1,774.0,48,14,2,5
1,497.0,49,17,1,5
0,660.0,33,34,2,3
0,308.0,70,11,0,2
1,1710.598,65,32,2,2
0,540.0,72,11,1,2
1,120.0,55,42,2,4
0,422.0,60,26,2,5
1,311.682,31,26,2,3
1,100.0,51,50,2,3
1,4079.0,37,6,1,6
1,1200.0,27,40,5,7
1,1141.0,63,44,2,2
1,1105.0,29,13,1,2
1,158.02,53,30,2,2
1,600.0,49,18,2,4
1,500.0,67,38,2,2
1,2051.278,27,50,2,3
1,700.0,54,32,2,3
1,200.0,43,24,2,5
1,1769.0,66,24,2,3
0,1492.0,54,6,1,3
1,681.0,39,28,1,1
0,529.0,73,10,0,1
1,1841.06406,60,28,2,4
1,3600.0,75,14,1,2
1,489.0,41,21,1,5
1,674.0,38,22,2,4
0,220.0,83,14,0,2
1,600.0,78,26,2,2
1,481.0,38,32,2,3
1,3000.0,48,16,1,2
1,1489.0,72,8,1,2
1,657.875,38,120,3,8
1,3914.0,22,12,2,5
1,683.0,37,28,1,3
0,300.0,52,14,0,9
1,1664.0,40,20,1,3
0,1200.0,59,10,1,3
1,400.0,67,22,2,2
1,1819.0,66,5,1,2
1,350.0,29,38,2,4
1,302.0,72,15,1,2
1,1646.943,44,62,2,4
1,1150.0,45,11,1,2
1,3120.0,43,18,2,4
1,960.0,25,24,3,3
0,400.0,82,20,0,2
1,878.0,58,24,2,4
1,1270.0,63,11,1,2
1,178.0,37,20,2,4
1,250.0,31,27,1,5
1,172.401,55,52,2,4
1,650.0,60,19,1,2
1,1897.537,20,24,2,3
1,4826.0,51,18,2,3
1,1800.0,56,10,2,5
1,576.589,36,26,1,4
1,3200.0,55,4,1,2
0,1062.0,21,7,0,1
1,688.0,35,18,2,2
0,658.0,17,18,2,3
1,720.0,27,15,1,2
1,760.0,62,90,2,2
1,112.0,48,93,3,5
1,108.707,59,35,1,1
0,1200.0,29,10,0,2
1,3300.0,62,90,2,2
0,844.0,58,3,0,2
1,1000.0,58,45,3,3
0,565.0,23,11,1,2
0,410.0,60,11,0,2
1,628.647,29,38,2,4
1,900.0,37,44,2,4
1,350.0,28,58,2,4
0,300.0,33,7,1,2
1,4487.063,50,50,2,6
1,1006.0,67,40,2,2
1,1080.0,70,7,1,1
0,300.0,36,32,1,4
1,840.0,37,28,2,4
1,259.924,40,40,2,4
1,452.481,55,52,2,4
1,375.0,18,80,4,7
1,4800.0,47,10,2,4
1,272.16798,52,69,3,6
1,120.0,35,22,2,4
1,7190.0,57,36,3,3
1,473.0,40,17,1,1
1,360.0,58,54,2,4
1,1086.0,33,24,2,2
1,744.0,30,20,2,3
0,900.0,46,15,1,4
0,600.0,71,12,0,2
0,419.0,23,13,0,3
1,300.0,50,26,2,5
0,215.0,56,42,2,3
1,671.736,33,62,2,4
0,1124.0,30,3,0,1
1,420.0,67,30,2,2
1,522.0,39,16,2,5
1,1800.0,47,8,1,3
1,320.0,37,74,2,7
1,4364.0,47,33,3,5
1,180.0,40,24,2,4
1,322.776,50,40,2,2
1,1764.0,30,21,3,5
0,165.0,25,22,2,2
1,3300.0,34,13,1,3
0,311.0,41,17,0,3
1,111.019,35,9,1,2
1,860.0,31,7,1,4
1,706.0,80,28,2,2
1,720.0,43,42,2,5
1,950.0,43,36,3,4
1,448.0,29,86,2,4
1,926.106,55,20,2,4
1,880.74,38,28,2,4
1,1521.0,26,18,2,2
1,488.0,40,24,2,4
1,1364.0,26,26,2,4
1,265.0,47,44,2,3
1,571.096,46,75,3,3
0,162.0,24,8,0,4
1,4519.0,59,60,4,4
1,614.0,79,36,2,2
0,400.0,23,10,0,1
1,225.558,56,42,3,4
1,1244.0,23,8,1,3
0,191.0,35,13,1,4
1,1797.287,53,30,2,2
0,1269.0,21,10,0,1
1,750.0,67,165,5,3
1,1250.0,49,36,2,3
0,116.0,28,12,0,4
1,660.0,38,24,2,7
1,160.0,51,36,4,5
1,900.0,33,13,1,5
1,626.0,38,70,2,9
1,1250.0,39,19,1,4
1,350.0,49,12,1,3
0,141.0,68,21,1,2
1,333.642,73,42,2,2
1,6980.0,43,34,2,5
1,285.0,52,14,1,2
1,968.47,50,39,3,6
1,250.0,60,56,2,2
1,1792.0,28,28,2,3
0,3960.0,76,10,0,1
1,1802.0,43,30,2,5
1,1326.121,72,30,2,2
0,240.0,51,12,0,1
0,204.0,43,54,2,5
1,1342.0,40,60,2,6
1,797.0,30,12,1,2
1,120.0,37,17,1,1
1,2160.0,50,30,3,5
1,540.0,39,66,2,5
1,932.0,38,18,2,7
1,917.0,62,10,2,2
0,421.0,23,17,0,4
1,696.942,41,32,2,5
1,560.0,70,13,1,1
0,421.0,22,20,1,1
1,942.0,52,75,5,5
1,700.0,54,44,2,2
1,86.56302,48,48,2,1
1,1193.341,62,29,1,1
0,500.0,67,38,2,2
1,1020.891,62,60,1,2
1,250.039,17,18,1,3
1,1380.0,22,29,1,1
1,368.942,62,16,2,2
1,180.0,45,17,1,3
0,360.0,70,14,2,4
1,620.977,61,14,1,1
1,240.0,67,32,2,4
0,529.0,22,3,0,2
1,483.0,40,34,2,5
0,350.0,68,22,1,2
1,393.381,43,68,2,5
1,160.0,63,40,2,3
1,751.0,61,24,3,2
1,330.0,40,60,2,6
1,3840.0,26,19,1,4
1,733.812,57,22,2,2
0,61.00002,45,26,2,6
1,79.00002,74,30,2,3
1,720.0,36,58,2,8
1,901.0,71,12,1,2
1,193.0,30,30,2,7
1,704.005,71,22,1,2
1,317.0,33,40,2,5
1,1332.0,29,18,2,4
1,1280.0,70,29,1,2
1,433.0,38,14,1,4
1,350.0,47,24,1,1
1,360.0,56,105,3,3
1,600.0,24,10,1,5
0,1152.281,68,9,1,2
1,1080.0,30,24,2,4
0,1917.0,16,10,1,4
1,1224.0,39,44,2,4
1,791.0,45,10,2,5
0,1100.0,81,7,0,1
0,544.843,33,13,1,5
1,962.392,42,45,3,5
1,1620.0,22,24,4,4
1,835.0,34,8,1,1
0,1093.0,45,17,1,1
1,300.0,38,20,1,5
1,1268.0,40,30,2,5
1,240.0,28,23,1,5
1,1300.0,60,8,1,1
1,432.907,49,29,1,4
1,902.513,33,20,2,2
1,403.0,28,17,1,4
1,419.0,42,78,3,5
0,660.0,17,20,2,5
1,239.0,36,10,1,5
0,483.725,16,28,2,5
1,1400.0,66,21,3,3
0,163.0,19,14,1,3
1,1058.0,32,36,2,5
0,1980.0,58,6,0,2
0,722.0,25,10,0,2
1,100.184,33,14,1,2
1,1448.223,57,12,1,2
0,575.0,30,11,0,1
1,1150.0,70,24,1,3
0,720.0,33,8,0,9
1,457.302,47,32,2,5
1,469.0,21,15,3,4
0,748.0,41,10,1,4
1,4859.519,54,22,2,4
1,308.0,33,12,1,5
0,600.0,67,4,1,2
1,340.104,27,23,1,4
1,2183.306,52,28,2,3
1,285.54,55,20,2,2
0,300.0,50,17,1,6
1,1860.0,42,14,2,3
1,340.819,39,38,2,4
1,1863.0,43,32,2,4
1,300.0,79,12,1,1
1,286.0,64,44,4,3
1,2671.0,60,20,2,2
0,1740.0,69,8,1,4
0,454.0,32,43,0,2
0,460.0,41,11,1,3
1,785.102,23,15,1,1
1,3485.782,41,18,2,3
1,1197.0,59,48,2,3
1,118.0,48,12,1,3
1,300.0,22,44,4,6
1,1303.0,22,22,1,3
1,386.998,44,8,2,3
1,1550.0,23,24,4,5
0,898.0,40,14,1,5
1,946.077,51,18,3,5
1,1800.0,57,12,2,3
1,834.0,62,20,2,2
1,375.967,63,13,1,1
1,650.0,34,80,4,7
1,2080.0,75,13,1,2
0,276.0,39,30,2,4
1,1475.066,53,29,1,1
1,3451.0,39,26,2,3
1,900.0,22,44,4,6
1,1620.0,22,24,3,6
1,120.0,31,32,2,4
0,927.0,34,22,2,4
1,262.593,42,56,2,4
1,1680.0,25,14,2,3
0,732.775,47,32,2,5
1,709.0,40,28,2,5
0,480.0,38,20,0,9
1,500.0,42,12,1,3
1,1200.223,62,16,1,1
1,900.0,30,10,1,2
1,539.0,29,3,1,4
0,2471.981,38,42,2,5
1,480.0,60,16,2,2
1,540.0,49,40,2,5
1,468.441,53,22,2,2
1,676.0,34,15,1,6
1,1557.0,43,57,3,8
0,215.0,34,19,1,4
1,540.0,53,34,2,3
1,360.0,47,34,2,3
1,960.0,36,28,2,5
1,1800.0,59,12,2,2
0,100.0,43,10,1,6
1,1438.0,25,6,2,4
1,230.0,32,50,2,3
1,1140.0,36,32,2,5
1,660.0,37,74,2,7
0,950.0,43,17,0,9
0,587.0,27,26,1,7
1,78.96498,49,40,2,5
1,1480.0,40,50,2,5
0,334.269,54,14,0,1
0,211.0,33,22,2,4
0,942.0,20,11,0,1
1,3375.0,25,11,1,1
1,232.0,40,32,2,7
1,2675.0,58,9,1,4
0,508.221,57,18,2,4
0,420.0,35,14,1,7
1,2817.488,45,12,1,5
1,180.0,43,26,2,4
1,2580.0,56,12,2,4
1,173.0,33,10,1,4
1,2380.0,32,18,1,5
1,300.0,52,34,2,2
0,3352.0,49,24,2,4
1,143.0,41,42,2,4
1,850.0,31,9,1,1
1,335.789,42,13,1,3
0,406.0,16,20,2,6
1,1374.337,63,51,3,3
0,300.0,65,12,1,1
0,395.0,28,19,1,1
1,335.0,43,10,2,5
1,740.0,39,29,1,5
1,1560.0,49,27,3,4
1,2310.0,63,30,2,2
1,180.0,43,16,2,6
1,903.0,80,8,1,1
1,320.0,67,35,1,1
1,1160.0,22,12,2,3
1,275.0,42,14,2,5
0,179.0,35,28,1,2
1,1140.0,45,18,2,8
1,2354.0,42,20,2,4
1,381.975,66,80,4,4
1,1600.0,42,20,2,2
1,544.0,53,36,4,4
0,40.00002,38,42,2,4
1,819.232,59,36,3,3
1,609.0,36,36,2,6
1,293.123,38,120,3,8
1,540.0,71,15,1,2
0,300.0,40,11,1,6
1,946.758,39,38,2,5
1,1329.0,26,112,4,4
1,1140.0,43,9,1,3
0,1907.0,60,14,2,2
0,700.0,57,28,2,2
0,81.0,25,12,1,2
1,1050.0,41,14,1,5
1,749.0,30,11,1,2
1,846.0,49,51,3,4
1,634.0,38,20,2,1
1,364.0,22,10,2,5
1,1618.0,27,15,3,2
1,367.033,47,32,2,5
0,288.451,16,30,2,5
0,240.0,39,13,1,4
0,2397.0,70,42,3,6
1,527.749,38,66,2,5
1,240.0,42,20,2,5
1,3360.0,58,8,1,2
1,1000.0,21,22,2,4
0,1049.0,44,27,1,7
1,660.0,27,18,2,4
1,776.0,57,30,2,3
0,897.0,51,4,1,5
1,2534.596,47,23,1,5
1,3041.035,28,33,3,4
1,239.0,72,32,1,2
1,984.0,31,14,1,4
0,853.0,16,10,1,4
1,300.0,62,48,3,3
1,1714.0,39,36,2,5
1,1840.0,42,13,1,6
0,660.0,26,29,0,5
0,314.0,17,10,2,5
0,79.00002,30,32,2,3
1,540.0,49,48,3,7
1,460.0,60,44,4,5
1,186.941,41,42,2,4
1,673.0,35,40,2,4
1,3300.263,24,36,3,6
1,658.0,42,20,2,4
0,783.0,36,9,1,3
1,1637.0,51,20,2,4
1,549.0,35,13,1,5
1,760.0,43,38,2,5
0,619.0,25,10,2,3
1,2422.324,46,42,2,5
1,599.804,60,50,2,4
1,150.0,52,33,3,2
1,1028.0,70,33,3,2
1,2266.0,51,24,2,4
1,1210.0,48,18,2,5
1,540.0,49,36,2,4
1,225.0,63,60,2,2
1,439.0,48,23,1,2
0,591.0,52,38,2,3
1,900.0,40,26,2,4
1,168.0,73,42,3,3
1,698.0,57,10,1,6
1,960.0,40,11,1,2
1,200.0,81,6,1,2
0,917.374,24,17,0,3
1,1140.0,47,8,1,4
0,1680.0,69,6,0,2
1,1275.212,29,48,4,5
1,3051.0,47,94,2,4
1,460.0,31,22,1,4
0,308.0,66,16,0,1
1,645.0,34,24,1,4
1,3174.0,27,60,3,6
1,728.518,50,52,4,5
1,191.0,32,26,2,4
1,861.994,23,18,2,2
1,27.68802,51,34,2,4
1,1580.541,63,9,1,2
0,700.0,38,23,1,4
1,866.0,18,60,3,5
0,300.0,42,32,4,5
1,1476.0,40,8,2,3
1,2094.0,45,82,2,1
1,420.0,34,26,1,6
0,360.0,59,4,1,2
0,439.0,57,45,3,3
0,658.0,37,36,2,5
1,1550.0,44,22,2,4
1,312.0,64,16,2,2
1,1444.0,40,20,2,6
1,245.728,42,23,1,1
0,780.0,31,26,2,3
1,259.7,37,22,2,5
1,600.0,48,12,2,4
0,300.0,44,24,1,4
0,393.0,28,10,1,5
0,750.0,21,13,0,2
1,1346.155,32,14,2,2
1,1498.0,59,24,3,4
1,733.0,62,15,1,2
0,180.0,46,3,0,2
1,660.495,65,24,2,3
1,1743.0,41,14,2,4
1,980.0,43,57,3,8
1,2950.0,29,22,2,2
1,421.0,45,52,2,5
1,218.0,67,6,1,2
1,864.0,31,11,1,5
1,2700.0,25,14,2,4
1,900.0,66,17,1,2
0,739.0,22,6,1,7
1,239.0,66,24,3,3
1,2457.0,60,12,1,2
1,2779.113,68,4,1,3
1,1032.5,44,12,1,3
0,82.00002,17,18,1,2
0,305.925,16,30,2,5
1,211.0,64,24,2,2
1,4141.03,52,30,2,4
1,91.00002,33,30,2,5
1,1200.0,62,51,3,3
0,600.0,40,23,1,4
1,900.0,42,46,2,6
0,900.0,55,22,2,4
0,1620.0,38,26,2,4
1,1050.0,60,8,1,3
1,639.024,45,28,2,5
1,1044.0,45,26,2,6
1,1200.0,27,40,5,7
1,361.0,41,13,1,6
1,673.0,76,8,2,2
1,1020.0,40,34,2,4
1,360.0,41,26,2,5
1,392.0,78,6,1,2
1,286.0,63,20,2,2
1,300.0,38,30,2,5
0,565.0,32,8,0,10
1,203.001,23,15,1,1
0,1312.0,34,24,2,3
1,298.192,38,28,2,5
1,302.0,31,8,2,2
1,780.0,74,14,1,2
1,2588.0,22,8,1,3
1,790.242,32,45,3,4
1,1860.0,56,27,3,4
1,1940.043,64,11,1,2
1,1260.0,31,20,1,5
1,184.0,48,93,3,5
1,2574.0,28,10,1,1
0,180.0,29,11,0,6
0,300.0,80,14,1,2
1,1357.0,20,30,2,4
1,1633.542,51,19,1,4
1,511.0,60,32,2,2
1,113.0,69,14,2,2
1,360.0,46,30,2,4
0,159.0,77,5,0,1
1,3699.0,61,44,2,2
0,173.0,45,28,2,5
1,143.0,34,32,2,3
1,1339.076,34,10,1,2
1,210.0,69,28,2,2
1,1712.0,64,24,2,2
1,562.0,63,20,2,2
1,960.0,71,8,1,2
1,2740.0,45,6,1,3
1,240.0,45,36,2,4
0,60.0,50,20,2,4
1,660.0,37,18,1,6
1,1380.0,53,33,3,4
1,368.119,37,24,2,4
1,1960.0,40,26,1,1
0,249.0,42,52,2,6
1,603.0,40,20,2,6
1,492.0,28,34,1,5
1,1200.0,51,152,4,5
1,2090.0,32,28,2,5
1,310.25,50,40,4,5
1,965.0,46,22,1,3
1,1466.0,29,17,1,6
1,1209.0,55,16,1,2
1,1750.0,39,16,2,1
1,225.0,60,15,1,2
1,1932.0,62,16,2,2
1,268.348,36,42,2,7
0,124.0,33,34,2,3
0,850.0,40,8,1,8
1,1740.0,52,33,3,3
1,545.705,44,34,2,6
1,420.0,33,24,2,4
1,269.0,58,52,4,2
1,750.0,27,40,2,5
1,163.0,34,62,2,3
1,1020.0,62,45,3,6
1,1500.0,40,30,3,4
1,693.0,34,26,2,4
1,850.0,46,18,2,3
0,60.87,27,40,2,4
1,1024.0,28,14,2,3
1,540.0,59,7,1,2
1,1700.0,55,64,4,5
1,514.0,41,19,1,5
0,300.0,39,26,2,5
1,476.0,61,24,3,2
1,696.94,59,44,2,2
1,282.347,67,6,1,2
0,335.0,19,8,1,2
1,850.0,54,42,3,3
1,150.0,50,12,2,2
1,1140.0,28,51,3,5
1,2400.0,41,11,1,4
1,1263.676,41,72,2,6
1,408.0,41,20,2,6
1,1650.0,51,18,2,2
1,258.0,20,45,3,7
1,150.0,37,12,1,8
1,72.0,53,24,4,3
1,793.0,60,28,2,2
1,1200.0,47,6,1,5
1,346.0,34,21,3,6
1,1759.0,27,14,2,2
1,3415.0,41,19,1,5
1,420.0,31,11,1,8
1,2363.0,46,28,2,5
0,680.0,68,34,2,2
1,480.0,35,8,2,2
0,600.0,36,20,2,6
1,599.0,52,75,5,5
1,265.611,31,16,2,2
1,1039.0,47,6,1,3
1,646.0,40,44,2,5
1,420.0,53,9,1,4
0,675.0,32,22,1,6
1,420.0,44,44,2,7
0,240.0,62,13,1,4
1,3958.0,25,48,4,4
1,1654.0,32,15,1,1
1,540.0,38,6,1,6
0,360.0,81,16,0,2
1,660.0,26,24,4,5
1,1009.0,41,44,2,4
1,336.0,41,23,1,6
1,300.0,22,36,3,5
1,1010.0,34,32,2,4
1,980.0,62,42,3,3
0,64.99998,22,51,3,4
1,2703.0,38,30,2,5
1,339.729,48,20,2,5
1,2922.915,43,32,1,4
0,1100.0,35,3,0,10
1,1614.0,52,14,2,2
0,300.0,48,17,1,4
0,480.0,25,6,1,2
1,291.0,35,9,3,3
1,302.0,48,12,2,4
1,350.0,28,12,2,5
1,240.0,40,27,3,5
1,3059.0,51,51,3,8
1,2935.0,22,24,3,4
1,600.0,65,11,1,2
0,250.731,16,39,1,6
1,27.0,32,76,2,2
1,492.838,31,36,2,4
1,540.0,62,18,3,3
1,720.0,47,18,2,4
1,900.0,42,12,2,2
0,750.0,73,8,0,2
1,1123.771,41,22,2,5
1,2650.0,71,17,1,1
1,1766.663,39,27,3,5
1,264.0,80,7,1,2
1,718.492,44,28,1,2
1,3101.768,27,72,2,3
1,1216.0,48,13,1,4
1,1061.0,38,26,2,4
1,268.0,47,36,2,5
1,420.0,66,16,2,2
0,574.0,31,13,1,2
1,2136.0,74,48,3,3
1,1175.392,48,48,2,1
1,2042.0,43,16,1,1
1,763.626,46,39,3,5
1,1301.0,21,63,3,3
1,432.855,45,12,1,5
1,420.0,43,39,3,4
0,327.0,29,24,2,4
1,495.036,54,24,2,4
1,1841.575,24,30,2,4
1,997.0,60,16,2,2
1,1600.0,51,28,2,2
0,878.0,34,15,1,4
1,427.0,43,30,2,5
0,240.0,80,5,1,2
1,608.294,35,13,1,4
0,617.0,72,5,1,2
0,540.0,23,8,1,1
1,260.0,48,23,1,3
1,214.0,40,16,2,5
1,3362.0,48,10,2,3
0,1000.004,36,18,2,3
1,1660.0,47,100,2,2
1,200.0,31,11,1,8
0,528.0,38,38,2,4
0,215.0,45,28,2,5
1,1562.657,28,14,1,1
0,274.0,45,18,1,4
1,1340.0,67,56,2,2
1,600.0,55,68,4,3
1,1484.0,36,9,3,6
1,1953.0,39,26,2,3
1,720.867,24,69,3,11
1,926.0,39,11,1,1
1,518.0,70,18,2,3
1,860.0,38,14,1,8
1,1800.0,80,18,2,2
1,3501.0,27,39,3,3
1,764.0,39,7,1,3
1,342.0,63,20,1,2
1,182.0,51,22,2,4
1,700.0,44,50,2,7
1,909.0,37,28,2,4
1,2406.0,45,32,2,4
0,720.0,41,52,2,4
1,1245.0,34,30,1,5
1,639.0,70,24,1,3
1,1802.0,24,36,3,3
1,453.0,37,30,2,4
1,950.0,32,13,1,1
1,266.0,36,40,2,4
0,520.343,24,13,0,1
1,1500.0,65,5,1,2
1,800.0,45,42,3,6
1,5974.0,47,24,2,4
1,427.974,40,96,3,7
1,1620.0,56,30,5,5
1,900.0,70,39,3,3
1,1154.0,56,54,3,3
1,1100.0,51,99,3,4
1,1000.0,28,9,1,3
1,528.983,38,120,3,8
1,900.0,41,12,2,5
1,240.0,51,24,2,3
0,7.00002,45,51,3,6
1,600.0,31,17,1,2
1,420.0,34,64,2,2
0,600.0,26,88,4,5
1,517.0,29,20,2,3
1,898.0,25,27,3,4
1,2432.0,58,32,2,2
1,900.0,56,105,3,3
0,644.0,16,18,0,13
1,687.0,27,24,3,3
1,4594.0,60,6,2,2
1,1000.0,36,11,1,4
1,410.0,28,18,1,1
1,1050.0,39,19,1,4
1,180.0,35,38,2,5
0,420.0,27,12,0,2
1,1781.219,55,52,2,4
1,500.0,38,22,2,4
0,700.0,28,19,0,4
1,660.0,38,30,2,5
0,46.99998,20,60,3,3
1,738.238,51,24,2,3
1,1672.599,63,14,2,4
1,196.867,48,18,2,4
1,3200.0,31,24,2,5
1,464.0,73,43,1,2
1,240.0,46,30,2,4
0,776.961,30,12,0,2
1,540.0,51,25,1,5
1,709.0,67,26,2,4
1,2161.252,53,39,1,1
1,200.0,46,26,2,5
1,457.892,24,78,3,3
0,962.267,61,19,0,2
1,540.0,38,28,2,5
1,196.47102,47,26,1,4
1,2651.44,46,40,2,5
0,403.0,22,45,3,4
0,360.0,26,18,0,4
1,1995.0,32,16,2,3
1,1518.0,27,94,2,2
1,1883.0,62,26,2,2
1,728.0,40,26,2,5
1,278.0,66,24,3,3
0,190.0,30,15,0,2
1,1913.0,36,16,2,3
1,1367.0,18,21,3,4
0,744.0,61,42,2,2
1,1612.0,54,16,1,2
1,91.00002,72,6,1,2
1,633.959,23,42,3,5
1,2817.0,28,12,2,2
1,242.0,45,34,2,4
0,1050.0,29,6,1,1
1,3618.0,68,6,1,2
0,300.0,26,17,0,3
1,446.0,45,26,2,5
1,797.0,61,16,1,2
1,519.805,39,36,2,5
0,220.0,37,16,1,3
1,126.0,64,20,2,2
1,2610.0,39,22,2,3
0,800.0,65,34,2,3
1,1840.0,49,8,2,5
1,633.0,53,39,3,3
1,226.0,56,10,1,3
1,600.0,69,8,1,2
1,1050.0,39,44,2,4
1,287.0,44,32,2,5
1,527.0,40,44,2,5
1,176.0,44,60,3,6
1,1482.753,51,26,2,6
1,603.0,66,14,1,1
0,1377.0,72,9,1,2
1,720.0,35,18,1,5
0,133.0,30,6,1,4
1,2269.0,49,20,2,2
0,769.0,26,8,1,2
1,2520.0,51,33,3,4
1,209.0,58,24,2,3
1,991.991,36,18,2,4
1,1600.0,42,46,2,10
1,834.0,45,68,2,5
0,260.0,72,6,0,2
1,190.0,40,32,2,7
1,423.195,64,4,1,1
0,1020.0,18,12,2,4
1,3453.0,31,8,2,2
1,318.0,63,27,3,2
1,3174.0,50,96,4,5
1,2110.854,43,30,2,4
0,318.0,20,12,0,1
0,240.0,48,24,2,4
0,600.0,54,10,0,2
1,339.0,39,24,2,7
1,764.0,67,32,2,4
1,333.0,46,22,1,4
1,622.0,43,24,2,5
1,1260.0,43,12,2,6
1,1500.0,60,120,3,3
1,300.0,55,14,2,2
0,960.0,16,12,2,5
1,1750.0,37,10,2,3
0,259.0,75,16,1,1
1,300.0,79,20,2,4
1,2207.226,28,20,2,2
1,977.9999,77,12,2,2
1,366.0,50,45,3,5
1,3900.0,42,46,2,6
1,3736.566,34,24,2,3
1,550.0,39,44,4,6
0,360.118,44,8,0,3
1,1860.0,51,42,3,6
0,2700.0,46,22,2,4
0,1400.0,31,29,0,8
1,180.0,32,12,1,4
1,922.0,38,5,1,4
1,548.0,44,27,1,7
1,1472.566,80,45,3,2
1,2100.0,40,12,2,6
0,200.0,55,18,1,2
1,2540.0,20,16,2,3
1,900.0,35,14,1,10
1,500.0,55,51,3,9
1,1056.0,50,18,3,6
0,1036.0,54,20,2,6
1,457.0,64,44,4,2
1,1210.0,61,57,3,3
1,738.0,53,20,2,2
1,1420.0,35,62,0,7
1,2300.0,30,26,2,4
1,606.0,22,14,2,5
1,1350.0,57,27,1,2
1,2210.641,51,42,2,6
1,629.0,52,42,2,6
1,1400.0,66,21,3,3
1,1420.0,37,22,2,4
1,4847.0,57,13,1,2
1,646.082,37,46,2,2
1,1800.0,43,42,2,4
0,121.0,52,7,1,3
1,300.0,42,16,1,5
1,781.0,55,32,2,3
0,684.0,25,9,0,1
0,641.0,49,24,2,4
1,222.0,42,28,2,4
1,922.245,45,15,1,2
1,561.284,65,22,2,2
1,360.0,71,9,1,2
1,264.471,45,44,2,4
1,272.0,50,18,2,4
0,600.0,37,5,1,3
1,589.785,25,25,1,1
1,331.0,42,27,1,6
1,440.0,48,54,3,4
1,1236.591,45,30,2,3
0,417.0,66,20,1,1
0,522.0,79,10,1,1
1,1800.0,38,20,2,5
1,150.0,35,18,1,8
1,651.0,41,30,2,5
1,227.0,47,42,3,6
1,4315.0,36,14,2,4
1,603.0,64,20,2,2
1,585.0,24,52,2,4
1,120.0,41,28,2,4
1,692.0,45,24,2,2
1,1100.0,60,120,3,3
1,906.0,67,34,2,2
0,1080.0,76,4,0,4
1,363.098,37,46,2,2
1,1370.336,41,44,4,4
1,78.65298,49,48,2,2
1,254.0,37,12,1,5
1,890.0,53,57,3,7
1,209.0,40,28,2,5
0,40.00002,60,13,1,2
1,180.0,44,20,2,5
1,1200.0,44,44,2,5
1,231.028,22,48,3,3
1,200.0,31,41,1,5
1,245.373,52,57,3,3
1,375.545,18,60,3,5
1,2284.0,52,16,2,2
1,1260.0,49,20,2,2
1,585.0,62,36,3,4
1,242.66,18,66,3,4
0,2189.0,23,7,0,4
1,1320.0,37,16,1,10
1,1477.0,30,11,1,3
1,3149.0,59,27,3,5
1,778.199,67,20,2,2
1,841.0,45,26,2,6
1,720.0,65,18,2,2
1,3720.0,61,10,0,3
1,823.0,63,50,2,2
0,85.99998,36,28,2,5
1,2180.0,48,30,2,3
1,1450.0,51,68,4,4
1,660.0,40,32,2,8
1,1504.681,55,44,2,5
1,120.0,38,40,2,7
1,1817.0,27,12,2,5
1,1058.004,60,50,2,4
1,707.0,30,24,2,3
1,510.0,53,51,3,3
1,875.0,48,34,2,5
0,300.0,45,11,1,3
1,441.4,29,54,2,4
0,660.0,67,18,1,2
1,350.0,45,38,2,5
0,410.0,36,11,0,5
1,694.861,53,10,1,1
1,676.0,44,12,2,7
1,1080.0,69,19,1,2
0,600.0,36,58,2,8
1,2900.0,46,50,2,4
0,1267.0,43,10,1,5
1,1500.0,28,24,4,4
1,686.0,59,24,3,6
0,300.0,75,6,0,1
1,3100.0,50,52,2,3
1,650.0,41,13,1,1
1,1080.0,55,60,4,2
1,1956.034,20,33,3,6
1,468.0,37,42,2,5
0,420.0,37,27,1,5
0,784.222,74,12,2,3
1,550.0,41,18,2,5
0,720.0,16,12,1,4
1,1620.0,48,28,2,4
1,824.85,30,15,1,4
1,620.0,69,22,2,2
1,1140.0,48,32,2,3
1,1664.093,26,16,2,2
1,800.0,51,28,2,2
0,728.066,57,42,3,3
1,415.0,51,60,3,5
1,972.0001,61,30,3,3
1,400.0,47,28,2,4
1,1550.0,41,28,2,4
0,180.0,45,20,0,5
1,1582.0,37,30,3,6
1,360.0,82,20,1,2
1,1980.0,46,27,3,6
1,1264.0,51,17,1,2
1,1114.0,38,70,2,9
0,1200.0,17,8,1,5
1,215.0,67,44,2,2
0,139.0,59,33,3,4
0,463.0,60,11,1,2
1,1264.294,39,57,3,5
1,212.0,66,120,4,4
1,686.855,42,24,1,2
1,200.0,23,8,1,4
1,1440.0,60,56,2,6
1,895.717,64,17,1,4
1,1800.0,36,36,2,5
1,21.72312,41,17,1,6
1,202.0,56,52,4,3
1,161.0,34,80,4,7
1,570.0,42,78,3,5
1,2700.0,44,20,2,4
1,360.0,36,38,2,6
1,823.0,44,57,3,8
1,612.0,49,60,2,4
1,1500.0,50,12,2,2
1,540.0,44,21,3,5
1,2400.0,46,18,3,4
0,859.888,64,44,2,2
1,1618.0,25,32,2,4
1,718.0,45,34,2,5
1,590.0,29,30,2,2
1,320.0,60,42,2,2
0,240.0,38,40,2,6
1,600.0,45,9,1,6
1,384.236,53,16,2,3
1,981.0,40,24,1,3
1,1566.0,34,4,1,5
1,2793.151,47,26,1,4
1,2350.0,28,34,2,2
1,128.657,42,23,1,4
1,4060.0,33,58,2,6
1,187.0,24,72,2,3
0,180.0,30,5,0,4
1,420.0,46,34,2,4
1,2714.0,42,5,1,4
0,540.0,37,9,0,8
1,404.0,28,36,2,4
1,3841.545,36,78,6,8
1,500.0,69,22,2,2
1,350.353,27,23,1,4
1,600.0,43,36,2,4
0,420.0,44,4,1,4
1,540.0,55,52,2,4
1,1400.0,49,22,2,6
1,1885.0,59,27,3,5
1,2061.0,46,45,3,5
1,180.0,64,11,1,2
1,715.0,43,24,2,5
1,660.0,48,20,1,7
1,2100.0,69,16,4,2
1,60.0,18,48,4,5
1,199.0,40,50,2,7
1,840.0,60,20,2,3
1,958.584,47,78,3,5
1,1653.0,34,22,2,4
1,1743.0,67,34,2,2
1,2120.0,42,20,2,5
0,127.0,45,48,2,5
1,7703.0,39,16,2,5
1,1673.0,54,42,2,2
0,340.0,78,10,1,2
1,1145.463,44,24,2,5
1,480.0,34,28,2,4
0,129.0,28,19,1,1
1,450.0,60,12,1,2
0,500.0,73,4,1,2
1,1613.773,37,46,2,4
1,872.0,64,30,2,2
1,420.0,49,62,2,4
0,1370.0,79,13,0,2
1,374.0,17,84,3,6
1,739.0,44,17,1,2
1,1340.0,42,30,2,4
0,245.0,68,14,2,2
1,660.0,56,42,2,2
0,660.0,20,20,2,4
1,420.0,43,30,2,6
1,1037.12,59,46,2,3
1,108.079,46,44,2,4
1,880.814,60,18,1,2
1,1200.0,32,13,1,4
1,931.0,50,26,2,4
0,420.0,72,38,2,2
1,200.0,53,28,2,3
1,1100.0,29,16,2,2
0,394.0,35,12,0,1
1,242.188,18,57,3,3
1,212.14,30,14,1,1
1,1200.0,82,6,1,2
1,177.0,28,10,2,5
0,400.0,47,12,0,9
1,365.0,81,24,2,2
0,1096.0,29,14,2,3
1,541.0,48,20,1,1
1,1211.0,23,18,1,1
1,1420.0,33,52,2,4
1,360.0,40,25,1,3
1,286.0,56,69,3,3
1,400.0,40,12,1,5
1,1259.0,49,12,1,4
0,350.0,33,11,0,8
1,1200.0,57,26,2,2
0,275.147,32,13,0,2
1,4197.0,62,16,2,2
1,715.0,30,64,4,5
1,891.0,52,19,1,5
1,586.02,30,38,2,5
0,338.0,31,28,2,3
1,682.0,31,13,1,3
1,840.0,49,18,3,4
1,795.0,23,36,3,4
1,1784.0,72,20,2,2
1,1440.0,52,48,2,4
0,500.0,70,20,1,1
0,185.0,50,12,1,1
1,1360.0,57,36,2,2
0,386.0,69,16,4,2
1,819.0,20,32,2,2
1,515.0,67,21,1,2
0,1180.0,21,12,0,1
0,180.0,57,10,1,3
1,650.0,47,11,1,3
1,1606.0,48,10,2,4
1,489.468,64,38,2,2
1,122.0,52,60,3,2
1,1589.0,38,63,3,4
1,2360.0,48,62,2,4
1,217.0,49,36,2,2
1,1448.942,18,42,2,5
1,670.0,33,27,1,5
1,227.0,17,84,3,6
1,450.0,20,22,2,4
0,755.0,32,43,0,2
1,350.0,60,120,3,3
1,323.0,32,16,2,2
1,1073.0,47,44,1,2
1,300.0,43,24,2,5
1,180.0,42,16,2,5
1,138.439,47,54,3,5
1,2175.0,28,6,1,1
1,2370.0,44,66,2,6
1,1007.0,45,16,2,6
1,643.0,38,16,1,4
0,642.465,45,21,1,4
0,229.0,30,16,1,4
1,3070.556,33,24,2,2
1,697.0,73,5,1,2
1,126.564,32,48,3,6
1,1821.0,70,20,2,2
0,793.0,17,12,2,4
1,440.0,36,33,1,6
1,2400.0,38,8,2,4
1,693.0,29,40,2,4
0,254.916,31,12,1,2
1,1291.028,40,22,2,5
1,420.0,43,30,2,6
1,300.0,23,42,3,5
1,60.0,30,44,2,3
1,369.0,29,7,1,2
0,193.0,69,9,0,2
1,450.0,59,18,1,2
1,572.702,35,28,2,4
1,360.0,17,32,2,3
1,1832.0,33,32,2,4
0,60.0,34,10,1,8
1,300.0,41,20,2,4
1,347.007,44,20,2,4
1,332.0,47,52,4,5
0,60.0,59,6,2,6
1,2550.0,50,28,4,4
1,960.0,73,26,2,2
1,1550.0,64,120,3,4
0,600.0,75,3,1,3
1,480.0,29,30,2,5
1,1301.253,32,14,2,3
1,607.29,52,10,1,2
1,1047.0,47,94,2,4
1,643.0,29,50,2,4
1,1619.0,42,66,2,4
1,1970.0,63,50,2,2
1,301.164,47,50,2,4
0,4733.0,48,30,2,2
1,313.0,34,32,2,4
1,1696.0,40,9,1,6
1,312.0,28,34,1,5
1,1453.0,49,27,3,6
1,1380.0,45,28,2,5
1,1620.0,63,11,1,2
1,2100.0,51,32,2,5
1,1320.272,44,24,2,5
1,1250.0,46,16,2,4
0,235.0,43,16,1,6
1,440.0,81,26,2,2
1,628.0,25,33,3,3
0,900.0,16,12,2,5
1,557.0,42,40,2,5
1,557.975,43,36,1,4
1,240.0,41,34,2,4
1,229.0,47,40,2,5
1,434.0,54,90,3,5
1,3120.0,43,12,2,6
1,628.0,54,90,3,5
0,168.0,32,12,2,3
1,417.0,23,12,2,4
1,1395.0,54,28,2,3
1,3344.0,69,21,3,3
1,1035.0,59,68,2,4
0,363.0,60,24,1,3
1,210.0,45,31,1,1
1,454.0,51,32,2,3
0,100.0,45,69,3,2
1,980.0,38,10,1,1
0,1080.0,36,23,1,4
0,240.0,24,23,0,3
1,1191.0,71,36,2,2
1,617.589,33,32,2,5
1,700.0,42,19,1,3
1,2058.0,49,7,1,1
1,400.0,77,42,2,2
0,300.0,34,20,0,7
1,2385.0,24,22,2,2
1,512.0,71,6,1,2
1,142.0,43,14,1,2
1,1321.331,56,30,2,2
1,1560.0,47,18,2,4
1,3389.0,40,20,2,4
1,926.48,46,78,6,6
1,213.0,33,80,4,4
1,1002.0,75,34,2,2
1,2317.0,61,44,2,2
1,382.059,67,16,2,2
0,240.0,53,5,1,4
1,1800.0,59,12,2,2
1,180.262,26,46,1,1
1,884.0,37,40,2,4
1,468.651,32,108,3,3
1,678.659,43,44,2,5
0,941.0,16,14,2,5
1,936.0,27,94,2,2
1,761.0,33,16,1,2
0,240.0,24,20,0,6
1,600.0,31,30,2,4
1,800.0,51,99,3,4
0,315.0,38,34,2,5
1,200.0,38,20,1,7
1,550.0,29,38,2,2
1,6860.0,70,21,1,2
1,842.0,24,16,2,5
1,3174.0,58,42,3,3
1,1040.0,59,22,2,2
1,273.733,43,20,2,3
0,602.0,19,14,0,1
1,3339.132,53,60,3,3
1,1860.0,44,20,2,5
1,440.0,44,16,1,1
1,1404.0,40,6,1,4
1,1786.503,50,39,3,6
0,200.0,79,8,1,2
1,1348.466,56,39,3,4
1,3350.0,28,58,2,4
1,300.0,42,92,4,4
1,360.0,46,12,2,4
1,420.0,69,66,3,4
1,193.0,50,30,2,4
1,840.0,47,20,1,4
1,600.0,18,64,4,5
1,1357.0,47,24,3,3
1,226.0,42,28,2,9
1,4150.0,64,18,2,2
1,300.0,41,20,2,4
1,360.0,40,24,2,3
1,2315.0,87,24,2,2
1,181.0,49,30,2,5
1,354.0,63,20,2,2
0,303.0,79,19,1,2
1,1620.0,64,39,3,5
1,5100.0,28,8,1,3
1,2133.892,53,28,2,3
1,320.0,33,40,2,4
1,1560.0,49,39,3,4
1,1175.0,59,18,1,1
1,2115.0,30,34,2,2
1,2122.0,33,18,2,2
0,1094.699,23,36,3,4
1,359.0,57,10,2,3
1,2800.0,68,38,2,2
0,473.791,53,11,0,1
0,596.0,31,13,0,6
0,565.0,77,12,0,2
1,3567.125,61,21,3,4
1,581.0,18,12,2,3
1,2231.194,28,9,1,2
1,400.0,58,5,1,4
0,909.0,45,28,2,5
1,180.0,60,18,2,3
1,1730.0,45,74,2,5
1,120.0,29,25,5,7
1,2068.522,43,48,2,6
1,326.0,60,20,2,2
0,600.0,72,22,2,2
0,297.0,63,20,2,2
1,3000.0,58,27,3,3
1,772.0,60,16,2,4
1,357.0,48,34,2,5
1,1289.0,53,12,3,3
1,1292.0,48,24,2,3
1,233.0,71,36,2,2
1,1975.0,59,24,3,4
1,650.0,52,8,2,2
1,231.0,68,22,2,2
1,420.0,25,28,1,4
1,2160.0,63,10,2,3
1,1455.0,63,9,1,3
1,344.0,63,24,2,2
1,1306.443,71,20,2,2
0,1534.703,28,10,0,2
1,1498.083,24,30,2,4
1,2604.0,25,33,3,6
1,289.0,36,38,2,5
1,435.0,52,19,1,2
1,581.597,36,36,2,5
0,533.0,54,6,1,3
0,580.0,27,19,0,6
1,660.0,44,27,1,7
1,1186.356,49,60,2,6
1,2503.983,53,30,2,2
1,793.859,56,36,2,4
1,121.0,70,38,2,2
1,4540.0,73,13,1,2
1,1102.0,61,7,1,2
1,1800.0,53,36,3,3
1,600.0,65,86,2,2
0,382.119,23,10,0,3
1,3420.0,76,22,2,2
1,300.0,36,36,2,4
1,3801.0,40,34,2,5
1,1226.0,38,19,1,6
1,300.0,26,20,2,3
1,180.0,39,42,2,5
1,6949.0,59,22,2,2
1,714.0,52,22,2,3
0,463.0,60,14,0,2
0,417.0,50,30,2,6
0,300.0,60,10,1,2
1,200.0,50,6,1,6
1,3681.94,53,21,3,4
1,92.83398,58,27,3,6
1,1594.0,65,36,2,3
1,620.607,28,30,2,9
1,600.0,58,12,2,5
1,3548.0,47,56,2,5
1,462.782,64,38,2,2
1,420.0,46,30,2,4
0,1095.0,37,7,1,3
1,277.0,76,10,2,2
1,500.1,38,34,2,4
1,2343.0,44,23,1,1
0,460.0,33,52,2,4
1,757.0,50,21,1,4
1,1148.0,33,28,2,2
0,19.99998,20,8,0,2
1,1177.0,51,68,4,4
1,650.0,58,19,1,3
1,1860.0,22,16,2,3
1,899.0,30,10,2,3
1,1437.871,61,10,1,1
1,104.0,48,22,2,4
0,565.514,43,22,1,4
1,811.746,41,21,1,1
1,451.0,57,12,1,2
1,548.0,59,68,2,4
1,1550.0,52,24,3,5
1,520.0,68,98,2,2
1,900.0,48,32,2,3
1,3499.0,36,12,2,5
1,60.0,49,50,2,4
1,600.0,67,14,2,2
1,1065.042,56,30,2,2
0,810.0,29,50,2,4
1,2193.298,19,21,1,6
1,79.99998,51,22,2,2
0,263.0,61,20,2,3
1,1916.34,40,28,2,4
1,241.0,38,36,2,5
1,180.0,26,48,2,7
1,300.0,61,12,1,6
1,1780.0,48,14,1,7
1,1189.662,18,24,2,6
1,1260.0,27,10,1,3
1,3300.0,29,36,2,3
1,3660.0,21,21,3,5
1,329.0,43,15,3,5
1,954.0,34,30,1,5
1,775.0,39,6,2,4
1,468.965,23,78,3,4
0,180.0,38,24,1,5
1,840.0,74,20,1,2
1,604.0,17,84,3,6
1,1500.0,53,18,2,2
0,551.0,26,3,0,3
1,1906.0,31,48,2,3
1,903.0,33,12,1,3
0,360.0,40,19,0,9
1,339.0,47,12,3,4
1,1632.113,68,34,2,3
0,320.0,27,16,1,4
1,2712.0,31,32,2,3
1,79.99998,81,26,2,2
1,6780.0,35,20,2,4
1,659.0,66,50,2,2
1,3360.0,52,36,3,3
1,925.0,63,44,2,2
1,2100.0,35,3,1,5
0,780.0,21,10,2,2
0,150.0,26,27,3,4
1,167.256,55,13,1,2
1,1392.813,59,30,3,3
1,398.0,38,18,2,5
1,380.0,66,21,3,3
1,2320.0,38,22,2,3
1,304.15,40,40,2,4
1,334.0,31,24,2,4
1,1200.0,27,10,2,2
1,300.0,52,51,3,4
1,750.0,30,11,1,6
0,300.0,28,9,0,4
1,1921.0,46,48,2,4
0,764.979,35,14,1,2
1,219.0,37,42,2,7
1,4209.0,56,36,4,4
0,150.0,22,16,0,4
1,1799.775,51,26,2,6
0,220.938,22,15,1,2
1,752.0,48,93,3,5
0,780.0,29,34,2,4
1,980.0,41,44,2,5
1,360.0,20,39,3,6
1,3204.0,54,26,2,3
1,2671.0,42,9,1,2
1,480.0,46,36,2,5
1,360.0,68,28,2,2
1,1423.0,33,26,2,2
0,1666.664,58,32,2,3
1,517.0,70,18,2,3
0,322.1,22,52,4,4
0,150.0,34,13,0,9
1,240.0,42,48,3,4
1,1380.0,40,12,1,5
1,1120.486,67,23,1,2
1,200.0,30,15,1,1
1,240.0,33,40,2,4
0,800.0,24,20,2,9
0,227.0,59,8,1,1
1,466.0,41,28,2,4
0,223.0,30,8,2,5
1,4385.0,26,112,4,4
1,1109.847,57,34,2,2
1,2160.0,24,24,3,3
1,596.55498,46,42,2,5
1,499.0,50,44,2,3
0,500.0,43,17,0,7
0,960.0,72,36,3,2
0,417.052,53,12,1,2
1,2396.846,48,48,2,1
1,2300.0,81,26,2,2
0,240.0,33,28,2,5
1,2456.929,43,34,2,5
1,1320.0,69,24,2,2
1,2464.04892,46,68,2,4
1,2322.0,31,32,2,3
1,275.0,33,18,1,5
1,440.0,22,14,1,2
1,524.836,52,30,2,4
1,1010.0,48,23,1,2
1,100.0,65,62,2,2
1,840.0,52,40,2,4
0,390.201,66,80,4,4
1,2060.0,25,20,2,2
0,300.0,33,11,1,2
1,429.0,72,7,1,1
1,2460.0,29,60,4,8
1,1100.0,41,78,2,3
0,1080.0,23,5,0,1
1,360.0,40,42,3,4
1,240.0,43,30,2,4
0,1140.0,60,22,1,3
1,385.0,38,20,2,3
0,2252.0,31,15,0,1
1,300.0,37,44,2,4
1,360.0,45,9,1,1
0,361.0,44,42,2,4
1,240.0,42,34,2,4
1,245.0,60,16,2,2
1,200.0,58,54,2,3
1,3274.268,55,55,5,4
1,3067.0,63,28,1,2
1,500.0,46,54,3,6
1,1700.0,57,46,2,4
1,246.798,46,39,3,5
1,680.0,25,22,2,2
1,251.659,32,28,2,4
0,816.0,27,7,0,2
1,100.0,52,30,2,5
1,277.0,41,40,1,6
1,1080.0,45,32,2,5
1,1196.0,35,36,2,3
0,720.0,62,5,1,2
1,230.572,39,44,2,3
1,2294.098,46,32,2,4
0,1480.0,16,27,3,4
1,1850.0,68,12,1,2
1,1180.26,35,13,1,1
0,204.0,19,10,0,1
1,240.0,39,28,1,8
0,445.0,17,11,0,3
0,200.0,35,21,0,6
1,720.0,76,22,2,2
1,120.0,80,22,1,2
1,693.0,63,17,1,2
0,660.0,74,11,0,1
1,180.0,38,68,2,4
0,1889.0,63,4,0,5
1,264.0,25,54,0,1
0,608.931,63,16,0,2
1,1705.0,61,12,1,1
1,2922.0,25,22,2,2
1,542.0,49,40,2,3
0,335.0,33,36,2,4
1,3475.0,61,76,4,3
1,1250.0,25,22,2,3
1,1311.0,57,16,1,3
1,3137.708,65,10,1,2
1,480.0,38,40,2,6
1,1500.0,27,72,3,4
1,150.0,47,42,2,6
1,304.11,45,36,2,6
0,420.0,65,42,3,7
1,1876.0,67,21,3,4
1,420.0,24,52,2,4
0,642.0,73,16,2,3
1,79.00002,57,24,2,4
1,1137.0,36,16,1,7
1,1149.422,49,26,2,5
1,252.0,25,16,1,3
0,240.0,45,18,1,3
1,292.0,60,34,2,2
0,96.0,52,39,3,5
0,195.0,16,16,2,6
1,523.0,57,16,2,3
0,453.0,39,13,0,1
1,668.0,46,16,2,5
1,892.0,48,34,2,5
0,850.0,73,38,2,2
0,550.0,39,22,0,12
0,504.151,28,40,2,1
0,1200.0,36,3,1,3
0,617.0,59,14,1,2
0,372.0,41,11,1,5
1,300.0,50,78,2,6
1,240.0,34,16,2,6
1,240.0,17,57,3,5
1,770.315,41,36,2,6
1,900.0,26,24,3,3
1,1300.0,46,20,2,5
1,1144.0,42,18,2,5
0,1252.148,27,7,0,1
1,3990.482,28,8,1,2
1,657.0,27,94,2,2
1,900.0,70,12,2,3
1,2533.0,59,48,2,3
1,1127.0,32,38,2,4
1,1777.0,35,26,2,4
1,2004.993,54,28,2,3
1,1380.0,70,12,3,3
1,141.889,56,42,2,2
1,680.0,74,12,1,1
1,2035.456,28,155,5,4
1,769.763,47,78,3,5
1,262.0,48,6,2,7
0,400.0,55,13,0,2
1,540.0,40,30,2,5
1,817.223,41,38,2,4
0,732.0,58,9,1,2
1,461.0,36,18,2,4
1,186.0,44,12,2,7
1,420.0,43,30,2,4
1,2400.0,24,15,1,3
1,950.0,21,10,1,6
1,1416.0,58,20,2,2
1,675.0,31,19,1,4
1,2400.0,56,42,2,2
1,4859.519,54,22,2,4
1,789.0,60,22,2,2
1,200.0,35,21,1,1
1,6418.0,38,44,2,4
1,1350.0,46,21,1,2
1,720.0,41,12,1,5
1,372.791,41,34,2,4
1,676.0,33,54,3,4
1,321.0,72,18,2,2
1,5258.214,44,30,1,4
1,300.0,38,19,1,7
0,420.0,29,15,1,2
1,1084.0,57,30,2,2
1,1500.0,42,33,3,3
1,2700.0,31,6,1,4
1,1010.816,31,28,2,3
1,1854.0,33,30,2,5
1,389.0,41,26,2,5
1,279.0,77,3,1,2
1,2032.481,34,16,1,3
1,180.0,43,33,3,3
0,363.0,53,42,3,4
1,326.704,37,34,2,4
1,757.486,41,18,2,6
1,1166.0,26,7,1,4
1,566.0,56,14,2,5
1,985.9999,48,24,2,3
1,1140.0,51,18,3,4
1,2446.0,42,44,2,5
1,216.0,54,66,2,3
0,120.0,34,12,1,4
0,838.0,30,10,1,3
1,1432.0,30,22,2,3
1,3207.709,56,45,3,3
1,327.0,33,28,2,4
1,850.0,65,11,1,2
1,517.0,54,90,3,5
1,1394.062,59,12,1,2
1,60.0,75,14,1,2
1,394.138,37,28,2,4
1,267.723,43,36,2,5
0,550.0,50,8,0,8
0,105.0,70,24,2,3
1,2000.0,52,22,2,3
1,600.0,62,9,1,2
1,1437.0,23,24,2,2
1,273.0,46,106,2,4
1,129.0,39,12,2,4
1,490.0,57,18,2,4
1,2353.98192,50,34,2,4
1,1200.0,25,35,1,2
1,2097.0,32,42,2,2
0,300.0,59,28,2,5
0,433.0,48,34,2,5
1,660.0,18,18,3,4
1,242.0,57,12,2,4
1,3120.0,43,18,2,4
1,431.404,58,6,1,1
1,82.00002,55,78,6,2
1,893.0,63,11,1,3
1,399.0,45,72,3,6
1,845.0,56,42,2,3
1,196.782,37,40,2,7
0,600.0,29,34,2,4
1,1041.0,46,36,2,4
0,840.0,70,8,1,2
0,1320.0,18,12,3,3
1,600.0,30,20,2,4
1,1814.0,45,32,2,4
1,45.26202,40,32,2,5
1,786.0,25,30,2,5
0,843.0,35,9,0,1
0,131.887,48,7,1,2
1,405.0,36,34,2,4
0,590.0,32,19,1,3
0,360.0,34,22,2,4
1,362.0,46,76,2,3
1,215.003,59,54,3,3
1,496.0,52,16,2,3
1,500.0,28,38,2,4
1,224.668,24,28,2,3
0,263.0,16,9,1,3
1,1126.632,59,46,2,3
1,258.016,38,20,2,5
1,350.0,69,44,2,2
0,554.279,29,12,1,2
1,1080.0,35,17,1,4
0,1318.0,29,24,2,2
1,361.106,64,35,1,2
1,394.003,39,15,1,7
0,730.0,50,8,0,8
1,720.0,29,16,2,4
1,969.0,24,54,3,4
1,950.0,45,36,2,5
0,2197.0,16,14,2,5
1,148.055,56,17,1,2
1,142.0,67,11,1,2
1,332.0,40,10,2,6
1,3926.558,63,14,2,4
1,1297.898,25,22,2,4
1,1901.0,33,40,2,4
1,650.0,29,22,1,4
0,400.0,64,16,1,2
1,2812.0,55,8,1,2
0,1523.0,60,6,1,5
1,488.0,67,10,1,2
1,2120.0,56,28,2,4
1,683.0,38,26,2,4
1,1320.0,37,22,2,3
1,2400.0,28,8,1,2
0,500.0,36,18,0,10
1,258.318,22,26,2,5
0,693.0,35,7,0,3
1,385.0,56,22,2,3
0,529.0,16,3,1,4
1,1860.0,70,18,2,4
1,720.0,45,18,2,5
1,1077.266,56,38,2,2
0,474.0,18,8,0,9
1,1900.0,35,62,0,7
1,720.0,40,8,1,8
1,3436.0,37,22,2,5
0,589.829,16,39,1,6
1,900.0,62,20,2,2
1,300.0,37,30,2,4
1,100.0,33,52,2,4
1,5220.0,47,36,2,5
1,360.0,39,32,2,7
1,1320.0,54,66,2,3
1,5166.199,54,64,4,4
1,2400.0,55,21,3,4
0,1020.0,16,12,2,5
0,383.914,32,20,1,4
1,185.0,45,14,2,5
1,1800.0,32,6,2,6
1,497.0,49,12,2,5
1,2151.0,60,20,2,2
0,934.0,31,32,2,2
1,720.0,28,24,3,4
0,720.09,66,15,1,2
1,1981.0,30,40,1,4
1,200.0,65,22,2,2
1,803.0,65,12,2,2
1,960.0,51,30,2,3
1,355.0,52,16,2,3
1,547.0,60,17,1,3
1,840.0,51,32,2,2
1,233.984,40,32,2,5
1,660.0,39,31,1,3
1,2629.0,52,18,3,6
1,728.035,57,34,2,2
1,1320.0,74,16,2,2
0,180.0,55,28,2,4
0,720.0,64,14,1,3
1,1200.0,45,38,2,5
0,560.0,20,5,0,5
1,286.0,62,33,3,4
1,358.0,58,36,3,3
1,449.0,51,18,2,3
0,600.0,60,56,2,2
1,900.0,56,20,1,3
1,892.255,44,28,2,4
1,540.0,39,29,1,5
1,2241.0,39,8,1,6
1,1140.0,32,9,1,2
1,3047.0,24,22,2,3
1,600.0,36,14,1,7
1,2879.0,37,24,2,3
0,476.0,52,28,2,4
1,3875.541,37,30,2,4
1,4316.784,67,8,2,3
0,533.0,32,38,2,4
1,2400.0,35,9,1,6
1,769.0,30,32,2,3
1,673.0,71,17,1,1
1,550.0,49,22,2,4
1,34350.0,70,18,3,3
1,206.06,57,87,3,6
1,167.459,36,13,1,4
1,1305.0,57,9,1,1
1,780.0,53,80,2,3
1,1269.291,42,12,2,2
1,1284.0,20,26,2,3
1,129.712,30,22,2,5
1,150.0,32,22,1,6
1,60.0,38,14,1,4
1,966.0,49,60,2,4
1,286.0,28,16,1,2
1,1034.0,64,42,3,4
1,4549.965,35,14,1,2
0,420.0,16,10,2,6
1,1680.0,51,32,2,4
1,176.0,38,22,2,4
1,600.0,62,5,1,1
1,384.236,53,16,2,3
1,360.0,60,46,2,2
1,386.933,31,40,2,2
1,1220.474,53,39,3,4
1,1228.0,50,50,2,4
1,490.181,49,29,1,4
0,180.0,24,9,0,4
0,225.0,25,14,0,4
0,278.034,30,39,3,4
1,300.0,40,34,2,4
1,300.0,74,12,1,2
1,900.0,74,15,1,2
1,1040.0,60,28,2,2
1,1266.0,45,9,1,3
1,300.0,39,28,2,6
1,1910.0,26,27,3,3
1,6692.0,26,112,4,4
1,1620.0,62,36,2,2
1,501.425,49,60,3,5
1,200.0,54,40,2,3
1,1500.0,53,24,2,5
1,300.0,34,16,2,6
1,284.0,43,82,2,6
0,420.0,37,30,2,4
1,3177.0,41,44,2,4
1,251.0,54,90,3,5
1,393.0,28,22,2,4
1,350.0,29,28,2,4
1,220.0,41,30,2,5
1,2486.851,52,48,2,4
1,3548.0,46,20,2,5
1,191.0,40,34,2,4
1,1500.0,65,14,2,2
1,1571.593,52,64,4,6
1,120.0,65,17,1,2
1,520.0,32,20,2,3
1,1805.335,59,33,1,2
1,1440.0,43,76,2,5
1,1091.767,31,36,2,4
0,1200.0,17,6,1,6
1,504.481,48,24,2,4
1,163.274,67,12,1,2
1,627.0,59,20,2,2
1,576.0,24,18,3,4
1,240.0,34,60,2,5
1,988.0049,60,38,2,2
0,509.0,73,4,1,3
1,480.0,37,14,1,4
1,88.005,36,24,2,6
0,1200.0,34,38,2,3
0,60.0,35,22,1,7
0,600.0,42,21,3,5
1,323.547,28,36,2,3
1,150.0,32,20,2,5
1,1800.0,60,14,2,3
1,174.0,44,24,2,5
1,300.0,47,34,2,5
1,661.0,78,18,2,2
0,180.0,30,25,0,6
1,4100.0,43,12,2,3
1,290.0,18,32,2,5
1,859.0,35,17,1,4
1,2086.786,37,46,2,4
1,2495.031,39,105,3,3
1,607.0,62,44,2,2
0,3200.0,28,21,0,4
1,1800.0,31,57,3,3
1,360.0,18,48,4,5
1,1222.0,41,50,2,5
1,589.0,60,17,1,1
1,3007.818,38,18,2,5
1,271.0,71,7,1,2
1,451.0,36,8,2,5
1,1700.0,46,54,3,4
1,1122.0,34,10,2,3
1,414.0,46,43,1,7
1,2243.0,24,15,3,3
1,350.0,58,28,2,3
1,120.0,40,40,2,5
1,623.0,46,16,2,5
0,854.0,55,9,1,2
0,600.0,31,9,1,4
1,3060.0,55,39,3,3
1,3676.54,40,6,2,5
1,2077.0,62,24,2,2
1,1563.0,39,18,1,4
1,665.0,27,28,2,2
1,1459.0,43,30,2,4
1,180.0,25,12,3,5
1,452.99,29,5,1,3
1,180.0,39,32,2,7
1,333.0,27,65,5,7
1,889.063,52,14,1,5
0,180.0,52,39,3,5
0,418.569,20,14,2,5
1,350.0,39,56,2,6
1,437.0,20,14,2,4
0,364.0,16,26,2,3
1,390.0,41,74,2,5
1,485.0,50,40,2,5
1,2467.0,45,22,2,5
1,1980.0,50,20,2,3
1,561.432,72,26,2,2
1,660.0,43,34,2,4
0,360.0,42,8,0,7
1,498.0,53,13,1,5
1,1120.903,58,48,4,4
1,940.0,54,36,2,2
1,602.0,66,21,1,4
1,418.0,30,9,1,3
1,150.0,46,54,3,6
1,420.0,27,20,2,4
1,420.0,37,26,2,5
1,853.0,42,90,3,7
1,76.99998,61,3,1,2
1,681.0,30,11,1,3
1,220.0,51,36,4,5
0,360.0,33,16,1,6
1,400.0,41,74,2,5
0,250.0,24,13,0,2
1,2947.0,42,90,2,5
1,120.0,39,14,2,5
1,2866.0,52,44,4,4
1,575.0,64,32,2,2
0,380.0,57,30,2,2
1,4822.324,32,42,2,4
1,1260.936,26,13,1,2
0,1420.0,72,12,0,1
1,600.0,38,32,2,3
1,278.0,73,42,3,3
1,2458.0,36,12,1,5
1,960.0,22,44,1,1
0,2400.191,52,15,1,2
1,130.0,48,30,3,6
1,2280.0,36,8,1,5
1,241.01,58,34,2,2
1,480.0,61,26,1,4
1,660.0,40,42,3,4
0,79.99998,52,4,0,1
1,720.0,34,32,2,6
1,840.0,64,12,2,2
0,717.151,25,42,3,6
1,430.0,18,45,3,4
1,3228.349,56,33,3,3
1,720.0,29,28,2,6
0,540.0,65,8,0,1
1,950.0,43,22,1,5
1,60.0,39,28,2,5
1,457.438,40,25,1,4
1,559.286,32,14,1,3
1,381.0,47,32,2,4
0,137.0,21,10,0,1
0,540.0,37,24,2,3
1,761.0,53,18,2,2
1,2520.0,60,10,2,2
1,780.0,34,12,2,2
0,87.0,18,4,0,7
0,360.0,75,36,2,2
1,770.0,45,20,2,4
1,1550.071,26,33,3,3
0,100.0,42,7,0,10
1,525.0,61,32,2,2
1,3454.512,44,62,2,4
0,450.0,32,30,2,2
1,2507.0,30,14,1,1
1,1602.0,38,38,2,5
1,901.809,53,28,2,3
1,1446.041,52,64,2,2
1,76.00002,37,38,2,5
1,1417.866,35,34,2,4
0,360.0,50,78,2,6
1,2184.0,57,38,2,4
1,330.0,62,17,1,4
1,82.27998,46,36,2,4
1,213.0,43,32,2,4
1,3660.0,37,18,2,6
1,250.0,70,72,3,3
1,1703.0,35,19,1,6
1,1517.621,35,34,2,4
1,958.0,70,11,1,1
1,495.0,41,40,1,6
0,580.0,33,18,1,4
0,300.0,54,42,3,3
0,592.0,20,3,0,1
1,805.0,49,6,1,2
1,680.419,55,62,2,2
1,2100.0,41,8,1,4
1,1261.0,30,40,1,4
1,536.0,69,13,1,1
0,540.0,39,9,1,4
1,720.0,72,28,1,2
1,2160.0,24,24,3,3
1,586.0,42,54,3,5
1,150.0,21,22,2,4
1,360.0,38,40,2,4
0,401.552,58,54,3,2
1,1260.0,43,10,2,4
0,941.0,40,13,0,3
1,2160.0,46,41,1,5
1,218.008,31,30,2,2
1,2200.0,57,24,2,4
0,450.0,60,8,1,2
1,271.0,41,38,2,5
1,1560.0,61,16,2,3
1,60.0,52,42,3,5
1,1504.946,41,38,2,4
1,511.0,67,96,4,6
1,422.795,28,15,1,3
1,6602.0,33,13,1,3
0,214.017,34,14,1,4
0,180.0,48,19,1,2
1,369.9,36,26,2,5
0,400.0,66,20,2,5
1,3480.0,35,28,2,3
1,282.499,26,66,3,4
1,128.0,38,63,3,4
1,382.498,59,50,2,3
0,290.0,27,24,1,5
1,1473.279,23,21,1,2
1,522.902,65,28,2,2
1,1645.827,47,16,2,5
1,450.0,41,44,2,6
1,2400.0,56,36,4,4
1,51.0,41,10,2,7
0,443.986,44,18,1,4
1,780.0,55,20,2,4
0,432.0,25,15,0,1
1,650.0,66,21,1,4
0,304.0,19,6,1,8
1,1446.391,28,18,2,2
0,900.0,40,11,0,3
1,1646.0,51,34,2,3
1,239.0,28,17,1,7
1,902.0,46,24,2,4
1,980.0,73,24,2,2
0,258.164,50,38,2,3
1,1746.0,31,50,2,5
1,1089.0,24,28,2,3
1,180.0,70,14,1,2
1,1117.0,43,34,2,2
1,1085.0,52,36,2,3
1,256.0,48,38,2,5
0,247.0,64,4,1,3
1,606.0,47,26,2,4
1,733.173,49,26,2,2
1,600.0,56,13,1,3
0,720.0,37,8,0,5
0,420.0,48,22,2,6
1,1850.0,71,60,2,4
0,1042.0,16,3,1,5
1,3517.0,52,38,2,3
0,1570.0,32,3,0,3
0,139.0,40,16,0,10
1,183.0,62,57,3,3
1,20160.0,36,12,2,3
1,540.0,38,37,1,5
1,696.0,55,24,3,4
1,562.0,22,54,3,4
1,989.859,28,32,2,1
1,555.845,50,21,1,1
1,1980.0,40,24,2,4
1,379.0,41,13,1,3
1,574.0,40,24,2,5
1,706.014,48,28,2,6
1,122.844,26,40,4,4
1,2913.034,43,20,2,4
1,1350.0,47,22,2,5
1,260.563,36,22,2,5
1,1549.025,56,45,3,3
1,506.0,75,18,2,2
0,47.82102,57,87,3,6
0,666.0,67,18,1,2
0,425.0,19,21,0,2
0,480.0,62,10,1,5
1,1145.0,23,24,2,2
1,1260.0,61,28,2,3
1,1694.0,42,90,3,7
1,2008.0,62,48,3,4
1,833.18,37,36,2,6
1,3600.0,32,6,1,2
0,240.0,33,6,0,6
1,960.0,37,40,2,4
1,634.973,58,44,2,2
1,1100.0,29,16,2,2
1,299.0,28,45,3,4
1,1266.0,60,12,2,4
0,1873.0,31,28,2,3
1,500.0,33,72,2,5
1,209.0,58,40,2,2
0,364.0,50,40,4,4
0,3492.0,25,15,1,2
1,2060.0,65,10,2,2
1,514.077,22,96,2,2
1,621.0,63,20,1,2
1,477.193,49,24,2,2
1,131.0,60,34,2,2
1,920.0,74,11,1,1
1,507.471,61,34,2,2
1,584.0,60,70,2,2
1,200.0,52,36,2,3
1,1433.573,57,22,2,2
0,600.0,65,14,1,3
1,4684.274,51,32,2,4
1,998.515,37,54,2,4
0,1080.0,38,11,0,8
1,250.0,26,22,1,5
0,1147.0,58,28,2,2
1,203.0,39,32,2,7
1,3129.0,70,6,1,2
0,195.0,25,16,1,4
0,1000.0,79,17,1,2
1,1967.0,55,45,3,5
0,300.0,50,12,0,8
1,1500.0,70,24,2,3
0,2161.0,45,48,2,5
0,698.0,67,3,1,1
1,4960.0,27,14,1,3
1,421.334,23,78,3,4
1,602.0,18,40,4,4
1,480.0,31,50,2,5
0,384.0,29,60,4,8
1,1200.0,50,26,2,3
1,1506.869,58,19,1,3
1,305.002,59,36,3,3
1,267.387,32,38,2,3
1,695.122,34,40,2,6
1,1055.0,37,16,1,4
0,60.0,55,13,0,2
1,250.0,26,11,1,2
1,1296.0,30,38,2,6
0,173.0,51,6,1,1
1,1302.762,44,19,1,2
1,720.0,32,42,2,4
0,300.0,38,23,1,7
0,150.0,29,21,0,7
1,2303.0,59,14,2,2
1,247.0,57,22,2,4
1,1059.0,49,60,2,4
1,780.0,17,26,2,3
1,496.005,38,46,2,4
1,812.0,56,24,3,3
0,150.0,44,50,2,7
1,60.0,80,48,2,2
1,3540.0,56,14,2,5
1,2016.0,26,42,2,2
1,2257.0,65,16,2,2
1,2285.023,26,18,2,2
1,240.0,30,14,2,5
0,1020.0,42,7,0,5
1,3098.026,62,18,3,3
1,1250.0,71,17,1,1
1,540.0,51,42,1,4
1,1466.94,45,14,1,1
1,3000.0,53,28,2,3
1,1023.728,37,16,1,10
1,610.0,64,13,1,2
0,942.0,44,14,1,1
1,992.0,42,36,2,5
1,2000.0,31,41,1,5
1,1376.0,44,22,2,5
1,840.0,39,32,2,7
1,1144.0,34,3,1,2
1,213.0,38,68,2,4
1,540.0,49,60,2,4
1,1680.0,57,72,4,2
1,1100.0,72,36,2,2
1,903.0,46,36,2,4
1,1200.0,38,29,1,1
0,42.0,27,70,2,2
0,750.0,33,34,2,3
1,173.0,41,15,1,4
0,579.0,89,8,0,2
1,433.784,50,40,4,5
0,360.0,24,14,0,4
1,2760.0,72,18,3,3
0,619.0,28,21,1,4
1,4920.0,38,20,2,5
1,314.0,45,66,2,5
1,342.0,30,18,2,3
1,420.0,61,27,3,4
1,660.0,32,44,2,7
1,4221.0,29,44,2,2
1,720.0,51,36,2,4
1,655.996,50,34,2,4
1,2220.0,43,5,1,3
1,955.0,29,24,4,6
1,589.407,38,28,2,4
0,11260.0,65,22,1,2
0,1026.07,73,18,2,2
1,480.0,44,21,0,5
1,190.0,45,32,1,6
1,1740.0,37,26,2,4
1,2104.0,35,29,1,5
1,864.0,43,20,2,3
1,2142.664,39,22,1,4
1,1054.0,21,24,3,5
1,340.0,42,26,2,6
1,660.0,75,28,2,2
1,2400.0,55,30,3,3
1,127.0,38,48,2,5
1,3372.295,45,12,2,4
1,1208.0,27,37,1,5
0,1200.0,59,13,1,2
1,326.0,36,12,1,1
1,1655.0,27,28,2,2
1,438.0,72,6,1,2
0,300.0,42,8,1,2
0,420.0,18,10,2,6
0,600.0,16,16,2,5
1,1300.0,57,44,4,5
1,1063.0,32,20,2,3
0,220.0,48,12,0,3
1,1021.0,48,34,2,5
0,620.0,31,29,0,8
1,240.0,26,34,2,4
0,462.0,60,24,2,3
1,716.83,49,50,2,5
0,311.441,57,87,3,6
0,548.0,28,8,0,2
1,600.0,58,54,2,3
1,1998.646,30,26,2,4
1,640.625,43,36,2,4
1,1114.0,74,10,1,2
1,82.00002,54,51,3,3
1,553.0,24,30,2,3
1,1228.0,33,18,2,3
1,218.662,39,28,2,4
1,722.205,26,40,4,4
1,251.0,28,36,2,4
1,560.0,37,30,2,4
1,1618.0,39,42,2,4
1,400.0,69,7,1,2
1,1682.0,57,24,2,5
1,421.0,45,18,2,5
0,600.0,27,18,0,4
0,457.0,34,28,2,4
1,900.0,34,26,2,2
1,124.0,42,32,2,4
1,1320.0,31,24,3,3
1,237.0,27,10,2,6
1,2604.0,53,14,2,2
1,1470.0,63,22,2,4
0,1127.0,22,10,0,1
1,1260.0,58,42,2,4
1,2766.19,40,22,2,5
1,150.0,41,11,1,6
1,2160.0,27,8,2,3
1,1048.0,38,13,1,5
1,1980.0,68,24,1,2
1,1650.0,59,20,2,2
0,394.0,19,19,1,3
1,761.939,54,48,3,4
1,1060.0,55,22,2,3
1,1098.0,59,9,1,2
1,712.0,45,20,2,4
1,1318.0,46,10,2,5
1,780.0,31,30,1,8
1,465.0,48,12,2,2
1,400.0,47,58,2,5
1,1050.0,54,17,1,1
1,340.0,50,42,2,4
1,1650.0,58,18,2,4
1,2290.0,46,42,2,2
1,115.005,38,34,2,4
1,2900.0,26,112,4,4
0,299.0,58,9,0,3
1,430.0,55,51,3,9
1,2309.0,32,42,2,6
1,2540.0,70,40,2,3
1,1895.0,36,21,1,3
1,764.0,45,28,2,5
1,1440.0,29,21,3,4
1,967.604,30,12,2,5
1,2653.654,39,66,2,5
0,643.0,70,6,1,2
0,559.498,58,50,2,2
1,1331.0,47,20,2,3
1,243.0,62,88,4,5
1,450.0,49,36,2,3
1,372.153,38,34,2,4
0,600.0,57,5,1,2
1,330.994,30,30,2,4
1,1801.0,58,24,2,3
1,300.0,31,25,1,6
1,306.989,29,15,1,2
1,765.0,60,60,3,4
1,198.0,37,42,2,5
1,214.0,60,15,1,2
1,860.0,70,38,2,2
1,2220.0,62,12,2,4
1,600.0,68,24,2,3
1,2832.0,55,18,2,4
1,1701.694,23,24,3,3
0,170.997,25,15,0,1
1,554.0,67,17,1,2
1,900.0,41,22,2,6
1,82.00002,26,19,1,1
1,540.0,24,18,2,2
0,279.0,57,32,2,3
1,200.0,62,36,2,2
0,900.0,29,36,2,3
1,360.0,47,34,2,3
1,360.0,70,18,2,2
1,610.0,51,36,2,4
1,322.244,39,32,2,5
1,607.0,21,40,2,7
0,2254.0,46,11,1,2
1,329.236,70,8,2,2
1,600.0,22,44,4,6
1,1080.0,46,22,2,10
0,580.0,26,24,2,4
1,800.0,24,17,1,4
1,1800.0,64,80,4,2
1,350.0,43,42,2,5
1,187.0,62,13,1,3
1,612.631,56,13,1,1
1,876.0,73,16,1,2
1,345.0,31,10,2,4
1,3455.0,57,15,3,4
1,1629.37,20,14,2,5
1,1104.0,48,15,1,2
1,3390.0,27,22,1,1
1,273.0,48,182,7,5
0,150.0,18,19,0,9
1,1442.0,52,44,4,4
1,300.0,82,19,1,1
1,320.0,67,20,1,2
1,1600.0,18,15,3,6
1,79.99998,41,20,1,5
1,329.0,39,66,3,3
1,1140.0,39,44,2,3
1,4168.0,37,14,2,4
1,239.0,56,32,2,2
0,240.0,60,14,1,6
1,2910.0,28,50,5,7
1,2290.0,49,36,3,4
1,1162.0,55,18,2,4
1,315.0,34,20,2,3
1,129.0,27,45,3,4
1,1031.0,79,38,2,2
1,600.0,48,5,1,4
0,400.0,52,13,1,1
1,180.0,48,19,1,2
0,300.0,16,22,1,3
1,26261.04,64,27,1,2
0,1265.0,16,19,0,4
1,137.0,60,21,1,2
1,500.0,45,14,1,5
1,820.0,48,10,2,3
1,1140.0,59,18,2,5
1,2350.976,45,28,2,5
0,650.0,28,4,1,2
1,233.0,68,18,3,2
1,269.801,27,40,2,4
1,5550.0,52,34,2,2
1,725.408,56,17,1,2
1,729.0,60,33,3,4
0,3014.0,31,3,1,4
1,503.0,66,26,2,2
1,600.0,75,18,1,3
1,42.0,38,40,2,6
1,483.0,66,30,2,2
1,240.0,33,58,2,6
1,1200.0,59,14,2,2
0,402.0,37,20,2,4
1,540.0,30,11,1,6
1,49.99998,44,33,3,5
1,652.0,52,42,2,4
1,306.582,50,40,2,2
1,840.0,63,36,4,2
1,352.0,35,30,2,5
1,328.0,80,14,2,3
1,2773.0,42,18,2,4
1,1586.0,52,54,3,5
1,4683.965,64,20,2,3
0,720.0,85,7,1,1
1,673.0,42,30,3,7
1,809.884,51,19,1,4
1,485.0,50,26,2,3
1,1641.0,22,24,3,4
1,600.0,29,20,2,6
1,3258.0,35,12,1,3
1,145.284,32,19,1,5
1,152.99,41,50,2,7
0,200.0,36,19,1,3
1,839.0,41,24,2,4
1,149.0,29,70,2,4
0,240.0,34,52,4,7
1,863.506,46,54,3,5
1,1464.0,33,18,1,1
1,601.2,22,39,1,1
1,350.0,60,30,2,2
1,273.0,48,182,7,5
1,194.0,36,26,2,4
1,650.0,83,13,1,2
1,900.0,46,23,1,1
1,2146.118,52,42,3,5
1,1050.0,50,9,1,2
1,147.0,64,10,2,3
1,720.0,38,40,2,7
0,1920.0,36,7,1,2
1,468.0,47,30,2,4
1,2400.0,59,22,2,4
1,660.0,63,12,2,6
1,304.454,36,40,2,6
1,240.0,26,28,2,4
1,342.0,62,92,2,2
1,538.0,36,38,2,6
1,3274.268,55,55,5,4
0,500.0,29,21,0,7
1,190.008,37,17,1,5
0,60.0,36,38,2,4
1,625.0,73,13,0,2
1,900.0,72,36,2,2
1,1469.906,57,26,2,5
1,296.0,36,16,4,6
1,850.0,62,12,2,2
0,269.0,42,22,2,5
1,232.233,38,44,2,5
0,492.0,47,60,3,2
0,540.0,29,28,2,4
1,729.0,24,22,2,5
1,1523.0,36,36,2,4
1,1400.0,35,62,0,7
1,783.0,56,35,5,7
1,799.0,61,30,3,3
1,666.0,74,12,1,2
1,360.0,48,16,2,5
1,1154.0,27,5,0,1
1,660.0,50,16,1,4
1,197.13,37,38,2,3
1,255.0,25,54,0,1
1,1140.0,41,20,2,4
0,429.0,34,18,1,4
1,300.0,29,32,2,3
1,724.669,26,24,1,4
1,2326.0,62,26,1,2
1,1242.0,61,192,6,2
1,3880.0,38,28,1,2
1,987.0001,67,17,1,1
1,140.0,65,18,1,2
1,1500.0,36,18,2,4
0,550.0,27,18,0,4
1,350.0,45,42,3,6
1,167.49,41,72,2,6
1,450.0,30,66,3,4
1,6.0,38,22,2,4
1,2186.0,60,33,3,3
0,182.0,35,24,2,4
1,3480.0,19,26,2,6
1,641.107,32,42,2,5
1,2700.0,39,16,2,4
1,2700.0,55,21,3,4
1,750.0,66,26,2,2
1,339.992,44,38,2,5
1,1950.0,23,18,2,4
0,300.0,16,10,2,4
1,459.0,66,26,2,2
1,84.0,44,17,1,4
1,1037.0,60,32,2,2
1,300.0,65,18,3,3
1,941.304,73,24,2,2
1,2721.629,26,15,1,2
1,2580.0,27,18,3,3
1,2194.262,31,24,2,3
1,431.0,42,48,3,4
1,1860.0,38,42,2,4
0,900.0,42,32,2,7
1,620.0,67,14,2,2
1,4315.0,24,42,3,3
1,2666.881,50,24,2,6
1,1110.0,24,15,1,1
1,200.0,66,24,2,2
1,720.0,78,10,1,1
1,300.0,38,40,2,6
1,5440.0,37,18,2,3
0,718.011,32,30,1,5
1,1320.0,40,50,2,5
1,643.0,83,13,1,2
1,675.952,36,22,2,5
1,150.0,40,12,2,2
1,180.0,44,46,2,6
0,460.0,56,16,1,2
1,562.423,40,32,2,7
1,678.0,57,48,3,3
1,2380.0,18,24,2,5
0,601.0,26,30,2,2
1,660.0,61,18,2,2
1,193.415,65,20,1,2
1,710.583,47,9,1,5
1,867.0,36,22,2,4
1,866.111,48,11,1,4
1,1980.0,56,33,1,6
1,659.0,78,19,1,2
1,1260.0,56,4,1,3
1,2016.0,44,17,1,4
1,1303.0,54,12,2,3
1,540.0,49,22,2,4
1,1984.856,58,12,1,2
0,1424.0,71,12,1,2
0,1950.0,65,20,2,2
1,1166.0,47,30,2,4
1,3285.558,70,22,2,2
1,667.0,38,54,2,1
1,262.0,28,30,5,6
1,1203.0,69,9,1,1
1,522.0,50,40,2,5
1,1434.426,32,60,4,3
1,1020.0,74,48,3,3
1,949.159,52,64,2,2
1,163.0,60,42,3,4
1,2216.149,50,48,2,2
1,435.0,64,8,1,1
1,1539.517,30,36,2,4
1,588.287,57,40,2,4
1,216.0,69,32,2,2
0,84.0,50,40,2,2
1,840.0,30,42,2,4
1,5510.549,62,30,2,2
1,1600.0,38,37,1,5
1,2053.0,59,18,2,2
1,1020.0,37,26,1,5
1,1828.615,47,20,2,6
1,1029.0,31,24,2,2
1,222.449,32,42,2,5
1,780.0,38,30,1,8
1,627.833,62,26,2,3
1,1826.0,26,30,2,1
1,1034.0,50,26,2,3
0,300.0,30,26,1,6
1,1518.0,42,66,2,4
1,377.0,35,30,2,3
0,250.54,29,11,0,2
0,186.0,73,12,2,2
0,205.0,44,45,3,6
1,82.00002,35,50,2,4
1,118.327,35,24,2,4
1,1086.163,26,40,4,4
1,600.0,30,65,5,7
1,200.0,43,36,2,4
1,91.99998,48,14,2,4
1,400.0,30,17,1,4
1,358.0,61,57,3,3
1,2257.0,44,9,1,4
0,465.0,43,27,1,5
1,1063.0,63,48,3,3
0,300.0,35,16,2,2
1,337.751,52,32,2,5
1,119.0,18,16,2,6
0,300.0,32,16,0,1
0,247.0,50,16,2,4
1,1140.0,62,4,0,2
1,480.0,51,32,2,4
1,200.0,70,24,2,2
1,1595.0,70,22,2,2
1,1442.079,19,28,2,5
1,1206.816,33,25,1,4
1,1258.0,67,26,2,4
0,1660.0,53,21,3,6
0,1220.0,23,14,0,2
1,624.0,69,26,2,2
1,853.799,38,12,2,4
0,520.0,64,17,1,2
1,780.0,60,50,2,5
1,400.0,34,18,1,4
0,49.99998,33,32,2,3
0,679.356,65,40,2,3
1,1050.0,24,12,3,4
1,600.0,42,92,4,4
1,420.0,39,14,1,4
1,454.0,70,16,2,3
1,490.327,33,17,1,2
1,129.0,56,28,2,3
1,180.0,69,15,1,1
1,1009.0,37,16,1,5
1,224.0,56,52,4,3
1,366.0,72,22,2,3
1,393.167,49,20,1,1
1,600.0,37,44,2,5
1,540.0,26,16,2,2
1,1332.0,70,22,2,2
1,596.0,37,6,1,4
1,287.0,38,57,1,7
1,660.0,35,30,2,5
0,471.0,25,20,0,3
1,1759.088,43,34,2,5
1,4142.0,60,34,2,2
1,300.0,40,20,2,5
1,2300.0,64,120,3,4
1,1082.258,43,46,2,4
1,1761.0,48,42,2,5
1,740.0,56,14,1,2
1,988.0,29,42,2,6
1,900.0,61,36,2,4
1,1173.63,52,17,1,2
1,630.0,52,42,3,5
1,489.979,43,48,2,6
1,250.0,41,16,2,4
1,7758.0,32,13,1,3
1,157.0,26,11,1,4
0,600.0,19,4,1,6
1,900.0,55,34,2,2
1,1320.0,28,16,2,2
0,200.0,43,17,0,9
1,1900.0,44,32,2,6
1,900.0,46,60,3,4
1,340.0,33,8,1,4
1,652.0,38,16,2,5
1,343.0,46,24,2,4
1,1165.0,38,36,2,5
1,2442.0,52,26,2,3
1,119.0,40,60,2,6
1,1800.0,39,24,2,3
0,120.0,25,16,1,3
1,405.0,46,38,2,5
1,770.0,69,8,1,2
1,1182.0,70,7,1,1
1,222.0,32,24,2,3
0,2081.0,26,7,1,2
1,1603.0,42,8,1,1
0,600.0,35,7,1,4
1,951.851,45,60,3,5
1,1096.004,52,32,2,4
0,204.0,64,30,2,2
1,375.0,33,54,2,3
1,2002.693,22,44,1,1
1,2912.428,28,33,3,4
1,600.0,39,14,2,5
1,360.0,57,17,1,2
1,1870.0,45,74,2,5
1,700.0,22,36,3,5
1,420.0,56,18,2,4
1,466.0,45,36,3,4
1,780.0,58,32,2,2
1,300.0,57,32,2,2
1,595.533,44,16,1,5
0,1040.236,24,32,2,3
1,423.0,60,3,1,1
1,99.0,37,48,3,6
1,868.0,32,5,1,2
0,58.99998,48,22,2,4
1,240.0,44,44,2,7
1,1800.0,51,24,2,2
1,200.0,69,48,1,3
0,707.0,28,12,0,1
1,699.0,68,11,1,2
1,286.0,55,17,1,1
1,1693.0,61,28,2,3
0,207.394,36,38,2,4
1,598.373,18,33,3,4
0,771.047,29,10,1,2
1,245.572,37,54,2,4
1,4050.887,57,15,1,2
1,512.394,63,52,2,2
1,1150.0,46,22,2,10
1,4606.0,36,15,1,2
1,496.0,52,32,2,3
1,376.0,39,26,2,4
1,378.0,41,4,1,1
1,1920.0,26,75,3,6
1,2240.0,48,20,1,5
1,2360.0,44,34,2,4
0,352.0,56,28,2,2
1,324.0,68,34,2,2
1,499.793,42,32,2,5
1,313.0,47,40,2,5
0,350.0,47,15,0,1
1,723.138,26,33,3,3
1,1380.0,29,3,1,2
0,460.0,33,7,1,7
0,2078.679,22,54,3,4
1,4678.145,40,22,1,7
0,19.99998,16,16,0,11
0,660.0,56,6,1,3
0,136.0,63,32,2,2
1,1900.0,42,22,2,6
1,577.0,53,56,4,7
1,606.0,66,28,2,2
1,600.0,30,42,2,4
1,100.0,78,22,1,2
1,996.244,46,84,4,5
1,950.0,52,40,2,4
1,5580.0,47,12,2,5
0,1320.0,64,38,2,4
1,468.0,24,21,3,3
1,23.2413,84,19,1,2
1,2478.0,31,24,2,3
0,384.0,41,17,1,5
1,2006.0,55,32,2,3
1,2417.341,50,22,2,3
1,3052.0,42,12,1,6
1,1655.0,37,28,1,3
1,895.0,66,50,2,2
1,1080.0,67,19,1,1
1,350.0,60,14,2,2
1,900.0,36,14,1,1
1,278.092,31,36,2,3
1,583.0,46,27,3,4
1,468.0,31,74,2,4
1,275.0,56,44,2,4
1,172.0,56,50,2,3
1,1740.0,34,6,1,2
1,908.0,36,36,2,6
1,3229.0,60,14,2,2
0,240.0,39,14,0,12
0,500.0,39,24,2,4
1,685.0,67,96,4,6
0,300.0,39,7,1,4
1,450.0,61,42,3,4
0,374.0,54,36,2,5
0,253.0,26,24,3,3
0,831.0,46,10,1,4
1,1955.238,49,20,2,4
0,674.0,35,11,0,12
0,240.0,70,24,0,2
0,601.0,69,12,1,2
1,110.0,35,26,2,6
0,292.0,22,18,2,9
1,581.0,52,14,2,2
0,464.009,42,52,2,6
0,579.435,58,24,2,2
0,25.99998,40,4,0,1
1,1200.0,40,32,2,4
1,720.0,62,26,2,2
0,383.0,51,7,1,3
1,1548.783,49,40,2,5
1,855.0,47,24,2,3
1,315.0,42,38,2,4
1,480.0,75,51,3,6
1,1805.067,48,38,2,4
1,397.0,51,17,1,2
0,1596.0,46,9,1,3
1,1300.0,66,16,1,1
1,3848.0,48,10,1,2
1,499.0,54,22,2,4
1,200.0,39,42,1,4
1,670.445,54,16,2,3
1,621.0,35,14,1,7
1,360.0,17,32,2,5
1,173.0,38,22,2,5
1,673.647,24,32,2,3
1,1103.0,29,12,1,2
1,1020.0,22,42,3,5
0,300.0,67,8,1,2
0,600.0,24,4,0,5
1,1740.0,50,8,2,5
1,300.0,33,34,2,2
1,122.0,48,182,7,5
1,240.0,41,40,1,6
0,783.065,63,34,2,2
0,291.973,20,11,1,2
1,2000.0,72,35,1,2
0,82.00002,32,50,2,3
1,2700.0,53,33,3,4
1,69.0,38,8,1,1
0,540.0,16,8,0,2
1,1199.0,29,10,2,2
0,752.0,69,18,1,3
1,600.0,30,20,2,4
1,200.0,77,4,1,2
1,750.0,30,17,1,4
0,1080.0,39,16,1,6
1,2836.0,65,54,2,2
1,2226.0,42,18,2,5
1,780.0,39,9,1,4
1,957.0,70,24,2,2
1,423.0,30,10,2,3
1,288.0,66,28,2,2
1,342.0,39,16,2,4
1,2134.411,62,20,2,2
0,780.0,58,20,2,2
1,60.0,40,12,2,6
1,1246.0,67,20,2,2
1,741.0,47,20,2,5
1,1920.0,29,48,3,4
1,660.0,66,13,1,2
1,447.0,52,12,2,3
1,766.0,43,12,2,4
1,313.0,67,46,2,2
1,172.153,64,27,1,2
1,1401.0,45,18,2,4
1,2100.0,73,42,2,4
1,898.0,57,24,3,3
0,240.0,60,24,1,3
1,714.0,47,14,2,5
1,157.0,44,60,2,4
0,272.0,31,6,2,4
1,640.0,44,33,3,5
1,1659.678,43,26,2,6
1,543.0,49,36,3,3
1,875.78,42,45,3,5
1,660.0,58,33,3,6
0,260.0,52,12,0,3
1,579.0,52,40,2,4
1,420.0,62,18,3,3
1,304.0,21,14,2,4
0,626.0,66,5,1,1
1,417.388,36,40,2,3
0,300.0,64,8,0,2
1,365.0,50,16,2,2
1,1014.982,63,51,3,3
1,154.0,62,33,3,3
1,3679.144,55,44,2,5
0,480.0,62,6,2,5
1,4471.0,42,22,2,5
1,1125.308,55,20,2,4
1,1011.0,65,32,2,2
1,600.0,42,92,4,4
1,1015.0,53,57,3,7
1,1555.0,61,7,1,1
1,472.382,45,66,2,5
1,240.0,34,32,2,4
1,578.371,26,33,3,3
1,660.0,53,22,2,4
1,140.0,72,46,2,2
1,2999.0,54,62,2,2
1,2037.494,19,21,1,6
0,480.0,34,26,2,4
1,1033.0,28,22,2,5
0,2160.0,73,6,1,2
1,498.0,61,70,2,4
1,200.0,40,13,1,4
0,1204.122,22,96,2,2
0,6240.0,75,5,1,2
1,3855.0,57,24,2,4
1,1740.0,51,16,2,3
1,121.0,45,14,2,5
1,595.0,60,16,2,4
1,146.0,59,26,1,1
0,360.0,76,21,1,2
1,188.0,44,60,3,6
1,3240.0,22,12,2,3
1,2160.0,70,18,2,4
1,256.086,54,46,2,4
1,33908.0,47,15,3,7
1,604.0,64,108,3,3
1,1800.0,43,12,2,4
1,1650.0,55,24,2,2
1,269.0,26,17,1,2
1,600.0,51,4,1,3
1,500.0,21,33,3,5
0,300.0,55,9,0,2
0,350.0,26,17,0,2
1,3420.0,46,60,2,3
1,754.0,53,18,3,2
1,618.0,17,32,2,4
0,689.0,16,20,2,6
1,1941.0,56,38,2,4
1,2180.0,53,24,3,1
1,900.0,58,16,2,2
0,60.0,55,14,1,2
1,300.0,43,42,2,4
1,992.0,27,120,3,4
1,429.277,32,45,3,4
1,1210.0,39,38,2,4
0,306.0,28,24,2,3
1,451.993,51,86,2,2
0,1318.0,29,24,2,2
0,60.0,46,9,0,1
1,3620.0,68,26,2,3
1,360.0,40,33,1,5
1,1199.937,64,14,2,3
1,580.0,35,62,2,5
1,1500.0,62,7,1,3
1,1360.0,54,38,2,4
1,2100.0,38,16,2,4
1,187.0,50,24,2,5
0,7622.0,18,26,2,4
1,240.0,32,24,1,7
1,821.0,48,20,2,5
0,246.037,26,14,1,5
1,458.617,58,28,2,2
1,250.0,56,105,3,3
0,1345.0,60,9,1,1
1,185.0,50,24,2,4
1,1150.0,27,19,1,3
1,1020.0,43,36,2,5
1,2201.0,54,14,2,3
1,1320.0,30,12,2,2
1,1767.0,70,14,1,2
1,1513.374,50,78,3,5
1,500.0,44,16,1,7
1,1271.787,23,87,3,6
0,300.0,40,16,1,6
0,154.0,28,27,3,3
1,639.0,44,44,2,5
1,1018.0,48,42,2,4
1,540.0,42,8,1,4
1,2238.489,31,11,1,3
0,120.0,35,52,2,4
1,758.0,55,24,3,4
1,480.0,40,19,1,4
1,1440.0,57,13,1,2
0,442.0,18,20,0,1
1,1370.686,62,26,2,3
1,1200.0,25,6,1,3
1,2763.367,62,36,3,4
1,145.0,45,36,3,4
1,480.0,38,10,1,1
1,2294.0,31,16,2,2
1,2971.0,34,66,3,5
0,333.0,50,30,2,6
1,680.0,26,22,1,1
1,1234.0,62,48,3,3
1,211.0,52,58,2,4
1,897.672,38,30,3,5
1,420.0,30,28,2,4
0,585.0,35,12,1,1
1,500.0,40,23,1,5
1,1700.0,76,24,1,2
1,1100.0,31,34,2,3
1,353.0,42,14,2,5
1,61.99998,34,15,1,5
1,1020.0,69,18,1,2
1,844.0,40,14,1,3
1,1783.654,36,36,2,4
1,349.0,65,26,2,3
1,540.0,52,28,4,5
0,549.0,43,14,0,10
1,220.0,55,12,1,3
1,549.0,68,20,1,2
1,1522.0,59,9,1,2
1,2399.0,42,30,2,4
1,4450.0,36,18,2,4
1,631.182,32,34,2,4
1,434.0,54,15,1,1
1,3170.595,47,22,2,4
1,855.0,47,24,2,3
1,483.0,32,18,2,3
1,3561.466,46,8,1,1
1,772.771,36,78,6,8
0,530.958,58,24,2,2
1,180.0,39,48,2,5
1,390.031,48,42,2,6
1,1980.0,40,16,2,5
1,228.0,56,28,2,2
1,3000.0,38,12,2,5
1,60.0,37,12,2,6
1,1800.0,57,27,3,3
1,106.899,23,16,1,4
1,603.0,28,18,1,4
0,600.0,58,10,2,4
1,4796.599,49,48,2,2
1,900.0,71,22,1,2
1,1813.0,32,18,2,2
0,153.0,36,12,2,4
0,550.0,79,14,1,3
0,180.0,82,3,1,2
1,330.0,64,19,1,2
1,418.441,48,24,1,2
1,1380.0,63,16,2,4
1,1310.027,41,12,2,4
1,544.069,26,22,2,4
0,135.876,16,40,2,3
1,197.13,37,38,2,3
1,1606.0,54,72,4,3
1,120.0,42,33,1,7
1,163.0,45,30,2,3
1,1734.0,21,24,3,5
1,1862.913,68,26,2,2
1,1053.0,43,12,2,4
0,120.0,26,33,1,6
0,129.721,26,31,1,2
1,595.0,53,39,3,3
1,2343.922,38,20,2,4
0,534.213,51,38,2,4
1,471.0,44,10,2,3
1,2150.0,55,33,3,4
1,522.0,24,15,3,4
1,600.0,53,10,2,4
1,965.0,62,21,3,3
1,240.0,36,22,2,6
1,3103.0,40,6,2,5
0,308.0,28,8,1,1
1,1500.0,60,12,2,3
1,1369.0,45,32,2,5
1,650.0,46,18,2,3
0,900.0,47,21,0,1
1,1498.0,28,6,1,1
1,587.0,66,21,1,4
0,231.0,48,15,1,4
1,2030.334,21,27,1,1
1,220.0,38,66,2,6
1,818.455,58,45,3,3
1,1932.699,42,40,2,5
1,480.0,30,36,4,5
1,926.0,23,22,2,3
1,450.0,39,28,2,5
1,1680.0,52,12,2,5
1,1600.0,33,80,4,4
1,4972.0,39,38,2,6
0,284.0,52,12,0,1
0,900.0,55,10,2,3
0,109.0,81,3,0,2
0,43.00002,63,32,2,2
1,120.0,47,28,2,3
1,578.0,55,51,3,9
1,407.0,36,22,2,6
1,571.0,42,28,1,10
1,951.0,39,9,1,4
0,300.0,32,16,2,2
1,750.0,60,120,3,3
1,199.0,70,24,2,3
1,670.0,60,14,2,2
1,60.0,49,22,2,4
0,129.0,63,12,1,2
0,350.0,17,32,2,4
1,2315.0,64,18,2,2
1,460.0,68,98,2,2
1,300.0,67,44,2,2
1,140.0,36,24,1,6
1,300.0,26,34,2,3
1,252.988,37,44,2,4
1,1015.0,38,66,2,6
1,4822.0,47,56,2,5
0,84.00702,27,11,0,2
1,180.0,44,44,2,7
1,325.997,41,28,2,5
1,1721.0,54,36,2,2
1,1500.0,75,14,2,2
1,833.0,35,14,2,4
1,240.0,39,28,1,1
1,93.0,26,8,2,2
1,425.0,53,51,3,3
1,150.0,65,90,3,3
1,2600.0,52,51,3,4
1,2268.0,42,26,2,5
0,537.0,19,19,1,3
1,545.0,43,22,2,1
1,1218.0,24,72,2,3
1,6180.0,62,56,2,2
1,137.0,35,26,2,4
0,838.562,19,18,2,6
0,324.0,34,13,0,9
1,2580.0,59,14,1,2
1,180.0,35,17,1,4
1,2521.0,51,72,4,3
1,3180.0,30,12,2,5
1,170.0,45,48,2,5
1,651.876,40,40,2,4
1,450.0,37,40,2,4
1,600.0,23,6,2,4
1,641.0,48,36,2,5
0,1011.0,17,20,2,4
1,680.0,61,26,2,2
0,185.0,44,7,0,9
1,263.0,33,22,2,4
0,300.0,24,6,1,5
0,352.0,16,3,1,5
0,719.0,30,13,1,6
1,2395.321,57,72,2,2
0,360.0,37,27,3,2
1,420.0,53,14,2,4
0,350.0,69,14,1,3
1,1803.225,44,26,2,5
1,660.0,61,28,2,3
1,240.0,55,28,2,2
1,589.0,55,12,1,1
1,1875.0,60,12,1,1
1,900.0,60,22,2,2
0,815.156,57,28,2,2
0,404.0,74,24,3,4
1,217.662,22,36,3,4
1,5501.0,34,66,3,5
0,275.0,25,13,0,1
1,1326.922,26,66,3,4
1,2076.0,51,68,4,4
1,1985.0,47,44,2,4
1,2922.8739,49,36,2,2
0,882.0,59,12,1,4
1,319.0,32,24,2,4
1,1860.0,61,33,3,3
1,895.0,64,13,1,1
1,930.721,52,34,2,2
1,780.0,37,36,2,4
1,358.01,23,87,3,6
1,1499.932,41,42,2,4
1,357.887,38,20,1,3
1,860.0,51,18,2,3
1,363.979,23,63,3,4
1,171.335,35,20,2,4
0,318.0,60,9,1,1
0,120.0,75,11,1,2
1,618.0,29,11,1,4
1,960.0,43,76,2,5
1,1883.0,32,6,2,3
1,1380.0,74,16,2,2
0,159.0,60,19,0,3
0,270.0,75,10,0,1
1,40.00002,37,13,1,4
1,2900.0,52,26,2,4
1,926.0,41,28,2,4
1,360.0,51,28,2,4
1,2522.0,26,12,3,4
1,9360.0,58,69,3,3
1,796.0,45,32,1,6
1,1441.138,43,30,2,5
0,666.0,51,30,2,5
1,831.0,56,16,2,2
1,291.0,30,23,1,3
1,1560.0,34,9,1,1
1,1137.02,33,16,2,3
1,360.0,47,21,1,3
1,641.0,51,25,1,5
0,49.99998,38,19,0,5
1,180.0,49,42,2,3
0,1000.0,69,13,1,1
1,300.0,50,39,3,6
1,100.0,42,16,1,6
1,1020.0,47,18,2,5
0,360.0,34,48,2,6
1,735.0,33,190,5,3
1,232.0,36,26,2,6
1,684.127,62,32,2,3
0,600.0,42,21,3,5
0,900.0,70,11,1,1
1,1621.0,56,32,2,3
1,1503.666,35,20,2,5
1,1560.0,43,42,2,4
0,708.06,50,48,2,2
1,551.0,65,46,2,2
1,780.0,48,11,1,4
0,1200.0,85,10,0,3
1,235.0,46,24,3,6
1,286.377,56,45,3,3
1,1743.0,58,33,3,5
0,296.0,16,15,1,5
1,261.0,40,14,2,5
1,461.0,58,20,1,2
1,1863.0,45,38,2,1
0,1188.944,42,12,1,5
1,360.0,57,38,2,4
1,350.0,46,16,2,4
1,653.0,37,88,4,4
0,297.0,33,30,2,5
0,600.0,44,18,2,5
1,480.0,26,20,2,2
0,1950.0,63,40,2,3
1,1020.0,70,44,4,4
0,350.0,64,18,2,2
1,158.0,35,24,2,4
1,1740.0,65,20,2,2
0,1140.0,16,11,1,10
1,408.0,39,28,1,1
0,1281.0,28,22,2,3
1,2400.0,40,18,2,5
1,585.078,40,24,2,5
0,540.0,45,22,2,5
1,1215.378,50,9,1,1
1,807.0,37,44,2,5
1,2779.0,23,24,4,4
1,387.137,21,24,3,4
1,591.0,35,4,0,4
1,1046.0,26,13,1,2
1,2593.0,67,40,2,2
1,504.0,54,102,3,4
1,4260.0,49,20,0,6
1,1350.0,25,20,1,3
1,777.576,36,34,2,7
1,1538.994,56,26,2,2
1,334.0,61,192,6,2
1,300.0,40,26,2,4
1,676.0,44,30,2,4
1,565.0,31,21,1,2
1,568.0,31,30,2,4
1,293.0,23,24,2,4
1,2160.0,39,30,2,4
1,1597.0,47,63,3,4
1,808.0,47,63,3,4
1,1214.445,46,40,2,5
1,800.0,28,13,1,6
1,1924.0,27,12,3,3
1,700.0,40,31,1,3
1,1800.0,36,22,2,4
1,3223.258,30,44,2,4
1,2627.0,58,20,1,2
1,552.866,40,46,2,7
0,600.0,23,6,0,3
0,2134.0,46,8,0,4
0,2432.624,20,16,2,5
1,559.339,27,90,3,11
1,1315.097,47,21,1,3
1,2041.0,55,39,3,3
1,1099.0,71,24,2,2
1,1387.235,33,32,2,3
1,621.0,40,36,2,4
1,300.0,48,14,1,7
1,2563.0,52,36,2,5
1,408.0,48,182,7,5
1,4560.0,44,26,2,4
1,205.0,45,24,2,5
1,2520.0,56,60,3,3
1,60.0,35,22,2,5
0,410.008,43,28,2,5
1,450.0,33,36,2,2
0,550.0,44,16,1,7
1,450.0,65,90,3,3
1,900.0,62,24,2,3
1,181.0,28,58,2,4
0,160.0,20,7,1,7
0,634.0,22,8,0,1
1,5979.0,66,46,2,3
1,337.0,60,21,1,2
1,163.779,24,19,1,1
1,301.0,36,28,2,5
1,1000.0,42,34,1,6
1,2100.0,62,12,2,2
0,638.0,70,30,2,3
0,480.0,57,22,2,2
1,765.087,43,34,2,5
1,746.029,32,32,2,3
1,1221.366,44,62,2,4
1,1483.0,65,20,2,2
1,1260.0,64,46,2,2
1,507.91,50,24,2,4
1,4121.0,35,14,2,3
1,750.0,38,57,1,7
1,960.0,70,34,2,2
1,1169.709,48,12,1,4
1,1920.0,36,16,1,2
1,97.99998,60,16,1,3
1,2753.0,40,54,2,4
1,2160.0,46,20,2,3
1,1100.0,65,60,2,2
1,420.0,66,16,2,2
0,898.0,19,5,1,5
1,3120.0,21,28,4,5
1,2150.0,27,40,2,5
1,430.906,36,28,2,4
1,217.902,33,34,2,4
1,1518.0,40,16,2,5
1,263.0,60,28,2,2
0,650.0,60,11,1,3
0,43.00002,58,10,1,2
1,164.0,53,44,4,3
1,2502.794,56,38,2,2
1,289.0,43,32,2,5
1,1621.0,46,36,2,5
1,407.0,70,8,1,2
1,3973.0,64,50,5,7
1,547.985,46,39,3,5
0,224.0,40,40,2,5
1,6470.0,26,112,4,4
1,795.0,46,32,2,4
1,4628.0,58,38,2,2
0,480.0,34,75,3,6
1,929.0,54,50,5,5
1,859.0,42,44,2,5
1,24601.0,31,64,4,4
1,2342.0,35,50,2,4
1,1800.0,31,6,2,2
0,300.0,67,38,2,2
1,82.17198,50,20,2,4
1,3972.0,43,50,2,5
1,2400.0,71,6,1,2
1,1756.79,50,28,2,3
1,1877.0,18,21,3,3
1,1200.0,49,28,2,5
1,1500.0,48,10,2,3
1,987.0001,36,44,1,5
1,5775.0,21,30,2,2
1,589.0,53,30,2,3
0,480.0,18,6,1,4
0,127.0,40,20,2,6
0,445.0,21,11,0,2
1,1350.0,31,30,1,8
1,650.0,52,30,2,5
1,628.0,43,20,2,5
1,2000.415,40,28,2,5
1,262.667,55,12,1,3
0,180.0,44,40,2,4
1,360.0,27,20,2,4
1,513.0,61,54,2,3
1,285.0,34,16,2,4
1,748.518,23,48,3,3
1,1270.309,51,34,1,4
1,705.0,59,48,2,3
1,508.0,36,35,1,5
1,409.0,64,26,2,2
1,432.0,63,16,2,2
1,665.788,37,33,1,6
1,49.99998,47,24,2,4
0,150.0,62,32,2,1
1,738.0,55,34,2,2
0,15.0,23,11,0,5
1,180.0,34,32,2,6
1,272.0,46,36,2,4
1,491.0,58,69,3,6
1,480.0,49,16,2,4
0,727.0,59,12,1,2
1,211.0,67,46,2,2
0,350.0,28,7,0,6
1,2185.628,35,34,2,5
1,209.063,50,7,1,1
1,1800.0,31,8,2,2
1,1758.0,60,56,2,5
1,240.0,26,17,1,3
1,1138.0,34,20,1,3
1,2857.0,26,18,2,3
1,920.0,33,58,2,6
1,980.0,47,10,2,5
1,2341.0,66,30,2,2
0,280.0,21,10,1,2
1,74.99802,41,22,2,5
0,320.0,42,6,1,5
1,600.0,34,28,1,4
1,474.0,63,18,2,1
1,218.0,63,28,2,2
1,1156.0,37,22,2,5
1,10856.0,43,18,2,4
1,820.0,53,22,2,4
1,1041.0,32,9,1,5
0,381.0,84,10,1,2
1,850.0,67,30,2,2
1,930.156,43,26,2,4
1,1211.422,60,12,3,4
1,600.0,52,32,2,5
1,277.276,52,69,3,6
1,1000.0,63,30,2,2
1,1685.0,81,8,1,1
1,461.0,60,70,2,2
0,197.0,35,28,2,3
0,60.0,27,16,1,5
0,250.0,31,98,2,4
1,109.0,27,8,2,2
1,1324.0,23,58,2,3
1,1600.0,46,18,2,5
1,1102.257,43,28,2,5
1,487.0,49,7,1,3
0,300.0,72,28,2,2
1,782.0,67,34,2,2
1,716.333,56,42,2,2
0,780.0,20,10,0,2
1,2886.0,34,22,2,4
1,1200.0,60,12,2,2
1,1569.0,39,26,2,5
0,741.0,25,16,1,4
1,3597.223,27,32,2,5
0,127.0,37,26,2,3
1,156.0,39,28,2,5
1,1333.0,82,10,1,2
1,1200.0,18,26,2,5
0,293.0,43,20,2,3
1,540.0,47,58,2,5
1,2076.0,38,17,1,2
1,1645.0,64,30,2,2
1,960.0,35,62,0,7
1,780.0,47,40,2,5
1,601.0,58,22,0,4
1,1353.0,60,60,3,4
1,1800.0,34,8,2,2
1,291.0,78,6,1,2
1,260.0,47,58,2,5
1,166.0,35,15,1,5
1,400.0,66,10,1,2
1,635.0,42,38,2,4
1,265.0,42,34,1,6
1,100.0,51,20,2,5
1,240.0,39,32,2,6
0,180.0,35,20,1,4
0,1200.0,39,20,2,4
1,1234.0,24,16,1,1
1,1082.771,29,54,2,4
1,300.0,24,11,1,3
1,300.0,38,12,2,4
1,313.0,62,9,1,3
1,600.0,36,38,2,5
0,277.0,28,12,0,4
0,368.0,20,15,1,1
1,435.0,38,36,2,3
1,354.0,66,12,2,3
1,384.0,60,30,3,6
1,613.942,55,34,2,2
0,60.0,42,17,1,7
1,305.0,55,32,4,4
1,489.0,63,50,2,2
1,5007.0,72,20,2,2
1,374.0,46,12,1,3
1,2486.173,47,22,2,4
1,1350.0,58,18,2,3
1,1150.0,56,105,3,3
0,170.0,46,42,2,2
1,2100.0,42,33,3,3
1,1561.523,28,48,4,3
1,287.216,52,22,2,4
0,418.0,67,8,1,2
1,5167.0,39,40,2,4
0,200.0,51,12,1,4
0,600.0,73,3,0,2
0,360.0,43,30,2,4
1,96.0,56,48,2,4
1,180.0,34,24,2,5
0,93.0,41,6,1,4
1,1540.0,64,80,4,2
1,598.0,57,56,2,2
1,1224.165,41,36,2,4
1,43.00002,30,18,2,4
1,117.0,44,46,2,4
1,1023.0,32,36,2,5
1,240.0,48,36,2,3
1,692.0,52,22,2,4
1,304.0,27,20,4,4
1,660.0,40,10,1,4
1,263.0,44,12,1,3
1,1282.109,32,42,2,4
1,2140.189,49,20,1,1
0,748.0,38,32,2,3
1,1440.0,30,12,1,3
1,259.106,56,30,2,2
1,91.00002,30,24,2,4
0,900.0,17,6,2,4
1,2549.647,42,26,2,4
1,2350.0,48,20,2,4
1,3280.0,33,27,1,5
1,350.0,48,34,2,5
1,1111.74,60,12,2,2
0,550.0,45,17,0,4
1,340.0,44,12,1,2
0,1044.0,46,15,1,3
1,464.0,67,20,2,2
1,481.0,26,8,1,1
0,645.0,56,15,1,4
1,247.105,51,64,4,4
1,100.0,52,22,2,3
1,100.0,38,100,4,6
1,116.0,76,27,1,2
1,2040.0,30,20,2,3
1,171.261,36,36,2,4
0,300.0,31,10,1,8
1,720.0,35,16,1,3
1,3339.411,29,18,1,5
1,2045.0,42,30,2,2
0,420.0,64,9,0,3
0,300.0,26,13,1,2
1,2334.014,54,46,2,4
1,254.372,46,32,2,4
1,960.0,79,28,2,3
1,1109.0,53,42,3,4
1,1350.0,60,9,1,1
0,300.0,28,12,1,3
1,1849.248,72,6,1,2
1,1164.966,56,17,1,2
1,250.0,70,72,3,3
1,171.0,38,52,2,5
0,620.0,32,13,0,6
0,520.0,39,20,0,8
1,1400.0,46,12,2,6
0,600.0,40,11,1,3
1,720.0,59,22,2,3
0,300.0,58,22,2,3
0,1083.0,29,24,2,2
1,960.0,38,19,1,4
0,639.0,26,15,1,2
0,440.0,51,17,0,8
0,540.0,85,3,0,2
1,3126.0,47,44,1,2
0,900.0,34,13,0,2
1,480.0,48,30,3,6
1,1682.907,40,46,2,7
0,1440.0,27,16,1,2
1,1093.0,56,46,2,5
1,1831.749,38,18,2,4
1,450.0,69,11,1,2
0,985.733,43,26,2,6
1,600.0,47,40,2,5
1,124.806,47,78,3,5
1,600.0,26,17,1,2
1,627.0,75,28,2,2
0,660.0,42,10,1,10
1,202.0,46,9,1,10
0,290.0,28,26,1,5
1,660.0,65,11,1,2
1,660.0,20,30,2,4
1,863.407,31,20,2,2
1,1300.0,56,28,2,3
1,720.0,41,22,2,4
1,960.0,34,12,1,4
1,666.0,42,22,2,6
1,2934.314,35,26,2,5
0,588.0,38,18,2,5
1,540.0,42,30,2,4
1,300.0,41,40,2,6
0,328.0,16,22,2,5
1,2041.655,21,36,2,4
1,372.0,46,16,2,4
0,174.0,58,7,0,2
1,1500.0,25,24,3,3
1,1273.72,31,40,2,2
0,42.38298,35,20,2,4
1,480.0,42,26,2,4
1,1292.967,43,36,2,4
0,228.0,47,12,1,1
0,337.0,30,22,0,7
1,1139.0,32,48,2,2
1,1467.0,75,8,1,1
1,900.0,40,28,2,5
1,1103.105,65,12,2,2
1,1503.0,59,68,2,4
1,249.0,61,18,3,3
1,2480.816,51,3,1,3
1,1392.0,35,42,2,6
1,1360.0,35,29,1,5
1,1649.0,24,36,2,3
1,4260.0,23,45,3,4
1,1512.138,43,24,2,6
1,337.0,46,60,2,3
1,3428.0,41,18,2,4
0,600.0,18,12,2,5
1,150.0,60,56,2,2
0,180.0,30,26,1,6
1,471.0,56,50,2,3
1,4415.0,29,15,1,3
0,2288.0,29,14,0,1
1,516.0,52,15,3,4
1,420.0,33,30,2,5
1,1983.0,65,56,4,4
1,2097.0,40,22,2,3
1,5400.0,30,12,2,3
1,571.0,54,102,3,4
1,4085.0,24,72,2,3
1,660.0,55,27,3,3
1,60.0,30,25,1,5
0,600.0,32,16,1,6
1,3268.887,67,36,3,3
1,1250.0,60,120,3,3
0,504.0,73,15,1,2
1,557.297,53,27,3,2
1,360.0,67,16,1,2
1,1684.0,63,6,1,2
1,640.0,31,22,1,4
1,302.0,56,52,4,3
1,1800.0,57,27,3,3
1,740.0,62,24,2,3
0,150.0,65,11,0,2
1,2275.0,53,24,2,5
1,1029.0,37,20,2,4
1,305.0,88,10,1,2
1,3281.015,49,18,1,1
1,1255.685,22,22,2,3
0,1156.0,39,16,1,6
0,484.452,29,11,0,1
1,1101.0,33,9,1,4
1,341.0,62,46,1,2
1,471.946,51,48,2,4
1,360.0,39,29,1,7
1,365.0,52,42,2,5
1,1959.0,45,20,2,4
0,209.0,51,10,1,2
1,2040.0,46,56,4,4
1,1800.0,62,4,0,2
0,380.0,69,25,1,2
1,725.385,27,32,2,2
1,480.0,41,14,2,5
1,338.0,52,32,2,3
1,2324.0,48,12,2,5
1,155.0,45,28,2,5
1,60.0,41,44,2,5
1,640.0,43,22,1,5
1,210.0,38,36,2,5
1,840.0,38,4,1,4
1,497.0,38,16,1,3
1,860.954,56,42,3,3
0,420.99,42,52,2,6
1,60.0,56,46,2,5
1,720.0,71,38,2,3
1,537.539,47,28,2,3
0,440.0,68,4,0,1
1,568.0,42,90,2,5
1,2351.0,53,36,4,4
0,360.0,35,10,0,1
1,207.0,40,12,2,6
1,7.99998,46,15,1,2
0,162.0,77,21,1,2
0,360.0,21,8,1,3
1,965.0,63,34,2,2
0,300.0,53,20,2,4
1,177.425,29,14,2,3
0,551.527,22,32,2,4
1,340.0,47,40,2,5
0,360.0,74,11,0,1
0,289.0,44,12,0,2
1,917.0,46,21,1,3
1,689.0,42,30,2,5
1,416.653,32,28,2,4
1,217.0,49,18,2,5
1,377.0,35,52,2,4
1,1750.0,67,15,1,2
1,1162.666,40,96,3,7
1,518.0,60,16,2,2
0,150.0,38,18,0,9
1,2612.0,58,22,2,2
1,1248.964,45,36,4,5
1,2394.0,38,30,2,7
1,1497.104,31,36,2,3
0,376.242,35,12,1,4
1,1473.0,49,17,1,5
1,340.0,30,15,1,5
1,255.0,32,44,2,4
0,120.0,49,16,2,5
1,1140.0,58,11,1,2
0,1000.0,29,13,0,6
0,1675.0,35,12,1,1
1,422.358,34,14,1,2
1,120.0,60,30,2,4
0,300.0,41,54,2,6
1,245.549,41,34,2,4
1,180.0,60,46,2,2
1,2650.0,60,30,2,2
1,451.986,17,32,2,5
1,2177.0,22,42,3,4
1,336.0,56,42,2,3
0,211.0,34,12,1,1
1,816.0,42,54,3,5
1,715.0,70,26,2,2
1,7306.0,48,80,2,6
0,137.0,21,21,1,6
1,180.0,40,40,2,4
1,1484.0,41,16,2,4
1,2063.0,40,44,2,5
0,980.0,31,19,1,6
0,920.0,21,12,0,1
1,1384.0,67,16,2,2
0,202.891,42,52,2,6
1,950.0,40,20,2,5
0,89.14398,34,11,1,3
1,230.0,30,10,1,2
1,2560.0,33,30,2,5
0,502.0,59,11,1,2
1,1029.89,57,28,2,4
1,1723.665,26,20,1,1
0,296.0,27,21,0,4
1,328.107,58,30,2,3
1,461.0,53,36,3,5
1,1144.0,62,12,2,2
1,386.0,23,63,3,6
0,450.0,39,24,2,4
1,5892.0,60,40,1,1
0,1344.0,18,48,4,5
1,390.734,53,16,1,2
1,858.0,45,24,1,4
1,434.0,79,13,1,1
1,1020.0,73,34,2,2
1,1200.0,58,78,3,3
1,760.944,57,22,1,1
1,1389.0,45,52,2,4
1,300.0,53,18,2,3
0,497.0,20,14,0,1
1,361.0,58,16,2,3
1,450.0,32,10,2,4
1,153.518,65,14,2,2
1,172.0,23,45,5,5
1,179.0,62,15,1,2
1,1791.0,41,22,2,5
1,904.0,18,22,2,3
1,833.0,41,15,1,3
1,1261.0,70,66,2,2
1,750.0,50,12,1,3
1,2300.0,53,22,2,3
1,552.0,54,66,2,3
0,1466.178,59,28,2,3
1,1706.614,37,42,3,5
1,186.0,27,60,3,6
0,200.0,25,9,1,3
0,357.0,37,30,2,4
1,360.067,57,26,2,5
1,3540.0,59,26,2,2
1,534.0,43,24,2,5
1,247.816,35,24,2,4
1,1030.0,32,16,2,4
0,1280.0,19,17,0,11
1,300.0,65,42,2,2
0,300.0,34,13,0,7
0,19.99998,57,24,2,4
0,149.0,29,12,0,8
1,720.0,41,18,1,4
1,1080.0,25,39,3,6
1,185.0,50,24,2,4
1,1134.0,29,30,2,2
1,2300.0,39,44,2,5
0,444.65,42,32,2,2
0,1092.647,17,24,2,4
1,473.0,40,14,1,4
1,600.0,59,24,2,3
1,1814.0,57,27,1,2
1,867.87,45,17,1,3
0,300.0,40,5,1,4
0,589.355,42,14,2,4
1,685.485,45,16,2,5
0,720.0,31,16,1,2
0,578.0,65,26,2,2
1,248.14,25,11,1,1
1,4017.0,56,20,2,3
1,928.0,48,44,2,2
1,867.0,49,36,3,3
1,200.0,27,16,1,5
1,4582.0,73,17,1,1
1,480.0,40,28,2,4
1,208.0,55,12,1,1
1,1410.0,29,20,1,1
1,840.0,58,28,2,2
0,600.0,41,30,2,4
1,1662.0,57,22,2,2
1,181.868,41,48,2,7
1,625.8,52,12,1,2
1,200.0,49,23,1,7
1,1708.0,56,24,2,4
0,1005.0,62,21,1,2
1,1740.0,25,28,4,4
1,4167.308,31,63,3,4
1,700.0,45,44,2,6
1,776.182,32,48,1,5
0,637.0,36,19,1,3
1,566.0,24,36,4,7
1,278.0,66,24,3,3
0,829.0,31,17,1,3
1,1345.0,60,22,1,3
1,1085.0,49,27,3,4
1,1860.0,34,40,2,5
1,245.0,72,15,1,2
1,670.0,39,28,1,1
1,440.0,41,18,2,5
1,1284.0,40,20,2,5
1,2070.0,57,12,2,4
1,325.0,41,34,2,5
0,540.0,60,10,1,2
1,185.0,37,34,2,5
1,19.99998,69,48,1,3
1,828.0,45,10,2,3
1,368.692,53,80,2,3
0,377.0,37,5,0,3
1,269.0,47,40,2,5
1,2021.0,42,28,2,5
1,311.359,85,11,1,3
1,1200.0,40,38,2,4
1,442.0,40,17,1,1
1,110.376,33,18,2,4
0,784.222,74,12,2,3
0,600.0,54,10,0,2
1,1116.0,56,13,1,2
1,1160.0,76,7,1,2
1,4600.0,43,12,1,7
1,2100.0,23,60,3,6
1,3401.0,48,20,2,4
1,1560.0,33,11,1,3
0,446.324,44,24,1,4
0,1323.051,27,11,0,2
