flow,occupancy,speed,speed_down,flow_ratio
21,2.7,66.1,65.90919093,0.677419355
15,2.4,66.2,66.59841669,0.576923077
14,2.3,66.1,64.35438373,0.56
17,2.5,66.2,64.64093844,0.607142857
15,2.3,66.2,66.13948855,0.576923077
16,2.4,66.1,66.52894932,0.592592593
16,2.5,66,66.88415042,0.592592593
15,2.3,66.1,66.47737352,0.576923077
14,2.3,66.1,68.107021,0.56
17,2.5,66.1,65.48095478,0.607142857
12,2.2,66.1,65.38389846,0.5
13,2.3,66.1,66.13587928,0.52
10,2,66.2,67.12252924,0.454545455
12,2.1,66.3,67.33179694,0.52173913
9,2,66.2,66.39022948,0.428571429
9,2,66.1,65.71413433,0.428571429
11,2.1,66.2,64.46205613,0.47826087
8,1.9,66.3,63.76118716,0.4
10,2,66.3,67.10875322,0.454545455
9,2,66.3,65.85377493,0.428571429
12,2.1,66.3,65.80249424,0.52173913
11,2.1,66.2,66.01562522,0.5
9,2,66.1,64.68565224,0.428571429
9,2,66.1,67.03270106,0.428571429
8,1.9,66.2,65.82331417,0.4
11,2.1,66.2,67.08201435,0.5
11,2.1,66.2,62.60526726,0.5
10,2,66.2,64.53715135,0.476190476
10,2,66.1,66.16503525,0.476190476
8,1.9,66.1,66.16903835,0.4
11,2.1,66,68.21922128,0.5
9,2,66,64.73525356,0.428571429
8,2,66,65.99930474,0.4
10,2.2,65.6,66.56566157,0.476190476
8,1.9,65.9,67.24860225,0.4
8,1.9,65.9,67.03802911,0.4
8,1.9,66,67.8389994,0.4
8,1.9,66.1,66.82141106,0.4
9,2,66.1,64.29473365,0.428571429
9,2,66.1,66.96931919,0.428571429
10,2,66.1,67.70725147,0.476190476
8,1.9,66.2,65.28868486,0.4
11,2.1,66.2,66.33351663,0.5
7,1.9,66.2,65.78631141,0.368421053
9,2,66.1,67.29896157,0.428571429
9,2,66.2,67.33364992,0.428571429
9,2,66.2,66.05048705,0.428571429
9,2,66.2,64.41316179,0.428571429
10,2,66.2,67.24866784,0.476190476
7,1.9,66.2,64.86614655,0.368421053
9,2,66.2,66.34855479,0.428571429
7,1.9,66.9,64.84598253,0.368421053
7,1.9,66.9,65.19614314,0.368421053
8,1.9,66.6,65.91504801,0.4
12,2.2,66.4,66.51455978,0.52173913
7,1.9,66.4,65.09640587,0.368421053
12,2.2,66.2,63.49345815,0.52173913
10,2,66.2,68.29215065,0.476190476
12,2.2,66,67.78454033,0.52173913
10,2.1,66,67.19802829,0.454545455
11,2.1,66,67.81908279,0.5
11,2.1,66.1,66.14785228,0.5
12,2.1,66.1,64.91741866,0.52173913
14,2.3,66.1,65.25466059,0.56
12,2.2,66.2,65.05956671,0.5
15,2.4,66.1,67.50301076,0.576923077
17,2.5,66,64.86598578,0.607142857
15,2.3,66.1,67.98016636,0.576923077
19,2.6,66,67.48917611,0.655172414
15,2.3,66.2,66.48298347,0.576923077
18,2.6,66.1,66.89913713,0.620689655
19,2.6,66,66.60199608,0.655172414
17,2.4,66.2,68.42160606,0.607142857
18,2.6,66,65.35385395,0.620689655
27,3.1,66.1,67.20647887,0.72972973
21,2.8,66,64.9031651,0.677419355
19,2.5,66.2,65.92658191,0.655172414
20,2.7,66,65.59621949,0.666666667
25,3,65.9,66.64545627,0.735294118
27,3.1,66,64.25468564,0.72972973
28,3.2,65.7,65.37947399,0.756756757
33,3.5,62.6,65.00040574,0.785714286
26,3,65.9,64.91849669,0.742857143
24,2.9,66.1,66.75805147,0.705882353
33,3.4,66.3,66.01698131,0.804878049
29,3.2,66.1,66.17261913,0.763157895
32,3.3,66.5,65.21643127,0.8
26,3,66.3,66.65790282,0.742857143
30,3.3,66.2,63.96934456,0.769230769
33,3.4,66.4,64.49604609,0.804878049
31,3.3,66.2,67.13358317,0.775
27,3.1,65.9,65.10582389,0.72972973
33,3.5,62.7,62.25396993,0.785714286
33,3.5,62.8,60.9624153,0.785714286
39,3.8,62.9,64.88691866,0.829787234
38,3.8,62.1,62.50525473,0.826086957
28,3.1,65.4,65.87723848,0.756756757
36,3.6,62.3,65.37962809,0.818181818
37,3.9,61.1,59.51518031,0.822222222
37,3.6,62.5,61.5557681,0.822222222
38,3.7,62.4,62.00611414,0.826086957
36,3.8,61.6,63.44924558,0.818181818
39,3.8,61.5,60.67750487,0.829787234
37,3.7,61.6,63.42400186,0.822222222
40,3.8,62.5,60.26713543,0.85106383
40,4,61,62.34717598,0.85106383
36,3.6,62.4,62.96628978,0.818181818
33,3.5,62.3,61.51504609,0.804878049
45,4.2,62,62.5913721,0.865384615
47,4.4,61.4,61.93420375,0.886792453
44,3.9,62.8,63.77660611,0.862745098
44,4.2,61.2,63.51088093,0.862745098
44,4.1,62.1,64.67453088,0.862745098
45,4,62.7,63.46949063,0.882352941
46,4.1,63.2,62.84021477,0.884615385
44,4.1,61.3,61.9596808,0.862745098
34,3.6,61.4,63.07013454,0.80952381
37,3.7,61.6,61.94578884,0.822222222
35,3.6,61.8,62.90622489,0.813953488
41,4,61.4,61.77384184,0.854166667
43,4.1,61.6,62.03615615,0.86
43,4.1,61.4,62.44668736,0.86
45,4.1,62.1,59.06645441,0.882352941
36,3.7,61.9,63.0725137,0.818181818
41,3.9,62.2,62.47588633,0.854166667
42,4.1,61,59.81021728,0.857142857
32,3.4,64.7,64.30838031,0.8
46,4.3,62,61.86164737,0.867924528
40,4,61.4,61.58212618,0.85106383
39,3.7,62.3,61.74116356,0.829787234
44,4.1,62.3,63.22165343,0.862745098
43,4.1,62.6,63.45547438,0.86
43,4.2,61.3,63.0728038,0.86
49,4.4,62.4,63.1282655,0.890909091
45,4.2,62,61.63788478,0.882352941
42,3.9,62.7,60.91541925,0.857142857
43,4.2,62.1,62.55783803,0.86
45,4.2,62,63.44952475,0.865384615
37,3.8,61.8,60.32465993,0.822222222
40,3.9,62.2,61.79575431,0.85106383
39,3.8,62.9,63.73708772,0.829787234
42,4,62.9,63.47317287,0.857142857
37,3.6,63.4,62.25250235,0.822222222
46,4.2,63.2,61.11631646,0.867924528
35,3.6,63.1,60.79940551,0.813953488
38,3.8,62.5,63.64698024,0.826086957
48,4.4,61.9,63.90735289,0.888888889
40,4,61.4,61.68410537,0.85106383
41,3.9,61.4,60.84215595,0.854166667
43,4.1,61.4,61.6832891,0.86
41,4,61.7,61.79129242,0.836734694
33,3.6,61.7,60.53120545,0.785714286
37,3.6,63,62.92738718,0.822222222
40,3.9,62.5,61.85985403,0.833333333
45,4.3,61.8,62.09036565,0.882352941
31,3.5,64.2,64.51580155,0.775
35,3.5,62.2,61.3400353,0.813953488
29,3.4,64.3,62.20947725,0.763157895
34,3.5,61.2,60.2973559,0.80952381
41,4,61.9,63.7824704,0.836734694
36,3.7,62.3,65.40405189,0.818181818
36,3.6,62.3,62.370648,0.818181818
37,3.7,62.2,61.69028616,0.822222222
28,3.2,65.3,64.75082425,0.756756757
41,3.8,63.2,63.67594293,0.854166667
33,3.5,62.9,63.08384461,0.785714286
38,3.8,62.3,64.80438891,0.826086957
36,3.5,63,62.38772138,0.818181818
31,3.5,64.8,64.355003,0.794871795
36,3.6,62.3,60.62869187,0.818181818
35,3.6,62.5,62.13434898,0.813953488
36,3.6,62.9,63.43832388,0.818181818
37,3.7,62.8,59.57469838,0.822222222
36,3.6,62.8,61.37753811,0.818181818
37,3.8,61.1,61.32812061,0.822222222
40,3.8,62.2,64.47323282,0.85106383
38,3.8,62,61.77709494,0.826086957
40,4,61.5,63.11013598,0.85106383
31,3.5,64.1,62.73563911,0.775
26,3,65.3,63.56372894,0.722222222
26,3.1,65.5,64.76669692,0.722222222
44,4,63.2,63.2426295,0.862745098
38,3.8,63.1,64.27824735,0.826086957
36,3.6,63.2,65.17850287,0.818181818
35,3.6,62.7,63.35475029,0.813953488
37,3.8,62,57.91868952,0.822222222
40,3.8,63,63.3058962,0.85106383
35,3.6,61.6,58.62187339,0.813953488
41,4,62.1,59.95722429,0.836734694
32,3.5,65.3,64.08868005,0.780487805
32,3.3,66.3,64.20471569,0.780487805
42,4,63.2,63.67282456,0.857142857
40,3.9,63,61.92215942,0.833333333
42,4,62.9,62.13393375,0.857142857
41,3.9,63.2,64.67939596,0.854166667
37,3.7,63.3,63.33421787,0.822222222
27,3.3,65.5,65.48950792,0.72972973
28,3.1,65.9,65.09590596,0.756756757
35,3.7,62.1,62.30663361,0.813953488
34,3.5,62.8,63.85849686,0.80952381
31,3.4,65.3,67.48441015,0.794871795
36,3.6,62.7,63.20240015,0.818181818
38,3.7,63.5,61.52390491,0.826086957
42,4,63.5,62.84681838,0.857142857
37,3.8,62.9,63.74263957,0.822222222
36,3.7,62.9,63.9156915,0.818181818
27,3,66.4,66.80769792,0.72972973
37,3.8,62.8,61.13580528,0.822222222
36,3.5,63.6,63.42602589,0.818181818
37,3.9,61.9,60.86068361,0.822222222
34,3.7,61.8,63.31798058,0.80952381
29,3.2,65.8,65.92152642,0.763157895
28,3.1,66.5,66.46828949,0.756756757
32,3.4,66.2,64.3914372,0.780487805
30,3.3,66.4,67.09746969,0.789473684
29,3.2,66.4,65.82785098,0.763157895
24,3,65.7,65.96952346,0.727272727
32,3.4,66.4,68.20284341,0.780487805
29,3.2,66.6,68.93477169,0.763157895
29,3.2,66.3,64.31348047,0.763157895
27,3.1,66.2,68.54367953,0.72972973
30,3.4,65.9,66.8716358,0.769230769
24,2.9,66,66.5476283,0.705882353
28,3.1,66.2,66.79414509,0.756756757
33,3.4,66.6,67.16966714,0.804878049
26,3.1,66.5,67.61973449,0.722222222
21,2.7,66.5,67.38716512,0.677419355
23,2.9,66.4,67.2297338,0.696969697
29,3.2,66.6,65.43414347,0.763157895
21,2.8,66.3,66.75051198,0.677419355
27,3,66.8,68.06357075,0.75
24,2.9,66.7,65.80123006,0.705882353
21,2.7,66.3,64.85959022,0.677419355
33,3.6,62.7,62.62817557,0.785714286
24,2.9,65.8,66.49455133,0.727272727
19,2.7,65.7,68.43750148,0.633333333
23,2.9,65.9,65.57847201,0.696969697
27,3.1,66.2,66.25512733,0.75
25,3,66.1,64.93740643,0.735294118
18,2.6,66,66.94656287,0.620689655
15,2.4,66,65.09010912,0.576923077
15,2.3,66.2,63.87832844,0.576923077
21,2.7,66.3,65.36948528,0.677419355
18,2.5,66.2,68.41132457,0.642857143
17,2.5,66.1,66.99165688,0.607142857
17,2.6,65.8,63.45831665,0.607142857
16,2.4,66,64.82877917,0.615384615
17,2.7,65.4,66.57138957,0.607142857
17,2.5,65.8,66.97635249,0.607142857
16,2.4,65.9,65.78710885,0.615384615
13,2.2,66,65.39324833,0.541666667
13,2.3,66.1,65.02638517,0.541666667
12,2.2,66.1,65.65143269,0.5
14,2.5,65.7,67.03807347,0.56
14,2.3,65.9,64.84525562,0.56
13,2.3,66,65.00139946,0.52
18,2.6,66,67.23263643,0.642857143
14,2.3,66.1,67.58048878,0.56
16,2.6,65.6,66.04630035,0.592592593
14,2.3,65.8,66.15220392,0.56
13,2.3,65.9,65.90909467,0.52
17,2.8,65.2,65.61471281,0.607142857
14,2.3,65.7,65.1775688,0.56
14,2.3,65.9,64.88403976,0.56
13,2.3,66,66.02091255,0.52
10,2.1,66,64.29662337,0.454545455
11,2.1,66.2,65.66507645,0.47826087
12,2.2,66,65.25721077,0.52173913
12,2.1,66.2,66.96420668,0.52173913
12,2.2,66.3,66.75512577,0.5
11,2.1,66.3,68.33119268,0.5
10,2.1,66.2,64.39728948,0.454545455
14,2.3,66.2,66.1295614,0.56
11,2.1,66.2,67.37391152,0.5
10,2,66.2,67.90140812,0.476190476
11,2.1,66.2,66.6991489,0.5
11,2.1,66.1,66.94515717,0.47826087
12,2.4,65.7,64.65323002,0.52173913
11,2.1,66,66.52650277,0.5
11,2.1,66.1,67.11919975,0.5
8,1.9,66,67.02177341,0.4
8,1.9,66.1,66.24010607,0.4
10,2.1,66,67.63118509,0.476190476
10,2.1,66,65.32568628,0.454545455
9,2,66.1,64.79453864,0.428571429
8,1.9,66.1,65.34842854,0.4
9,2,66,65.69189195,0.428571429
12,2.2,66,66.8359132,0.52173913
8,1.9,66.1,66.05137751,0.4
8,1.9,66.2,67.13518217,0.4
9,2.2,65.6,64.76372342,0.428571429
9,2,65.9,66.85301993,0.428571429
9,2,66.1,65.30693743,0.428571429
9,2.2,65.6,65.40239769,0.428571429
9,2,65.9,64.80065615,0.428571429
11,2.1,66,67.2762283,0.47826087
8,1.9,66.5,65.15115169,0.4
7,1.9,66.2,64.69763374,0.368421053
7,1.9,66.2,64.76587047,0.368421053
7,1.9,66.2,66.07517583,0.368421053
8,1.9,66.1,66.81087988,0.4
7,1.9,66.2,65.30536431,0.368421053
10,2,66.3,65.89194072,0.476190476
8,1.9,66.3,66.5205802,0.4
7,1.9,66.3,67.55395444,0.368421053
8,2.1,65.6,64.3386752,0.4
8,1.9,65.9,65.33283472,0.4
9,2,66.1,66.2417191,0.428571429
10,2,66.2,63.91557304,0.476190476
10,2.1,66.1,67.07571415,0.476190476
10,2.2,65.7,67.00634567,0.476190476
8,1.9,66,65.61219351,0.4
9,2,66.2,66.59822021,0.428571429
8,1.9,66.2,67.53655021,0.4
8,1.9,66.4,63.82212918,0.4
9,2,66.3,65.85203464,0.428571429
8,2,66.2,65.67989238,0.4
10,2.1,66.2,66.74338882,0.454545455
9,2,65.9,65.98866666,0.428571429
10,2.1,65.9,64.14415756,0.476190476
9,2.1,65.9,68.04085906,0.428571429
13,2.3,66,68.43725665,0.52
11,2.1,66.1,65.58346976,0.5
12,2.2,66.1,68.15093989,0.52173913
14,2.3,66.2,66.23400847,0.56
13,2.4,65.9,64.21039564,0.52
15,2.4,65.9,65.89755803,0.576923077
18,2.7,65.6,67.0051781,0.620689655
11,2.1,65.8,65.5590672,0.47826087
13,2.3,65.9,67.27834366,0.52
21,2.8,65.8,67.30979115,0.65625
14,2.3,65.9,67.47164408,0.56
14,2.4,65.9,65.36723207,0.56
17,2.6,65.8,64.3278492,0.607142857
20,3,64.4,67.45923639,0.666666667
24,3,64.8,65.06553348,0.705882353
17,2.5,65.6,65.09284256,0.607142857
26,3.1,65.6,64.97702826,0.742857143
25,3.1,65,65.16518119,0.735294118
31,3.6,64.3,64.04823091,0.775
25,3.2,63.9,63.39741986,0.714285714
30,3.4,64.1,66.09394238,0.769230769
30,3.5,64.1,67.57725305,0.769230769
28,3.2,64.4,64.16712891,0.756756757
37,4,61,63.89450717,0.822222222
35,3.8,61,61.92076887,0.813953488
44,4.4,60.5,59.77498238,0.862745098
42,4.2,60.5,61.27923491,0.857142857
47,4.5,61.2,60.58237891,0.886792453
36,3.8,61.3,61.73864721,0.818181818
43,4.1,62.9,63.43626798,0.86
51,4.7,63.1,63.13326108,0.894736842
48,4.7,60.8,60.65348366,0.888888889
49,4.6,61.2,60.9861551,0.890909091
58,5.2,61.1,61.07411602,0.920634921
52,4.9,60.4,59.39351337,0.896551724
47,4.5,60.6,60.57438079,0.886792453
63,5.4,61.2,60.93792163,0.940298507
54,4.9,62.2,62.73986454,0.915254237
59,5.3,60.5,61.80174934,0.921875
62,5.5,60.9,61.34443411,0.925373134
52,4.9,60.4,60.76943514,0.896551724
60,5.2,61.5,59.622674,0.923076923
57,5.1,61.8,62.25218778,0.919354839
57,5.1,62,61.75460131,0.919354839
60,5.2,62.6,60.87029353,0.9375
56,5.1,62.2,61.95457271,0.918032787
67,5.5,63.2,60.87380484,0.957142857
58,4.9,64.3,66.34951635,0.920634921
49,4.7,62.4,61.45881834,0.890909091
55,5.1,61.4,61.10569627,0.901639344
37,3.8,61.2,61.84534564,0.822222222
46,4.4,61.9,60.40587831,0.884615385
36,3.9,61.5,60.74702575,0.818181818
47,4.4,62.3,62.31569507,0.87037037
40,4.1,62.2,62.597236,0.85106383
42,4.2,61.9,61.60352405,0.857142857
43,4.2,60.3,59.1680576,0.86
36,3.8,60.7,59.43338335,0.818181818
36,3.6,62.6,62.73142736,0.818181818
36,3.8,62.4,63.11854551,0.818181818
57,4.9,64.7,64.88594539,0.919354839
56,5,63.8,65.81968255,0.918032787
66,5.5,64.4,65.08389142,0.942857143
56,5.1,60.8,59.57928705,0.918032787
61,5.2,62.9,64.37232366,0.924242424
61,5.3,62.5,63.07831109,0.938461538
74,6.1,62.8,61.36278511,0.973684211
78,6.3,63.8,63.38921347,0.975
63,5.6,62.3,63.78940978,0.940298507
65,5.9,60.5,61.60226331,0.942028986
69,5.9,61.1,61.33203886,0.958333333
74,6,62.9,62.74999542,0.961038961
63,5.4,62.9,63.11824073,0.940298507
66,5.6,63.6,64.55992816,0.942857143
60,5.3,62.5,62.28575504,0.923076923
60,5,64.1,62.45317696,0.923076923
70,5.7,64.6,63.42665104,0.95890411
59,5,64.6,65.54919879,0.921875
64,5.4,64.1,64.92658329,0.941176471
66,5.5,64.2,65.04925958,0.942857143
46,4.4,63.8,63.69710741,0.867924528
58,5.1,63.3,64.1551375,0.920634921
51,4.6,63.4,63.3326823,0.894736842
51,4.7,63.5,62.77245612,0.894736842
38,3.7,64.2,62.87983651,0.826086957
43,3.9,65.3,64.69896443,0.86
40,3.8,65.1,65.18745882,0.85106383
37,3.7,64.6,63.76503899,0.822222222
39,3.8,64.2,63.69795268,0.847826087
31,3.3,67.1,66.23022876,0.775
40,3.9,63.5,61.81010252,0.85106383
27,3,66.7,68.46573317,0.72972973
30,3.2,66.9,67.27476012,0.769230769
30,3.3,66.5,63.89744506,0.769230769
24,2.9,66.5,66.97029884,0.705882353
29,3.3,65.8,64.33967671,0.763157895
33,3.5,62.7,62.25688023,0.785714286
25,2.9,66.2,65.7169611,0.714285714
33,3.6,62.1,62.33454576,0.804878049
27,3.2,65.3,66.12920191,0.72972973
32,3.3,66.1,66.7525525,0.780487805
26,3,66.4,64.75220407,0.742857143
25,3.3,64.5,64.79032726,0.714285714
23,3.1,64.1,64.89489056,0.696969697
27,3.1,65.2,66.36920534,0.75
22,2.8,65.8,65.84798407,0.6875
20,2.7,66,67.35204327,0.666666667
17,2.5,66.2,66.12406594,0.607142857
24,2.9,66,66.8259574,0.727272727
22,2.9,65.8,66.59784244,0.6875
21,3.1,64.3,62.73925225,0.677419355
16,2.6,64.8,65.43208064,0.592592593
23,2.8,65.7,64.60849054,0.696969697
20,2.6,65.9,64.17926454,0.666666667
18,2.6,66,66.66533411,0.642857143
20,2.7,66,63.1144355,0.666666667
16,2.6,65.7,66.18394623,0.615384615
18,2.7,65.3,66.77091691,0.642857143
20,2.8,65.2,64.79678342,0.666666667
19,2.6,65.7,63.83832763,0.633333333
20,2.7,65.9,66.38858615,0.666666667
15,2.5,65.7,65.74188453,0.576923077
16,2.3,66,65.28116937,0.615384615
15,2.3,66.2,68.06743474,0.576923077
17,2.5,66.2,65.20023155,0.607142857
16,2.5,66.1,62.50534489,0.592592593
12,2.2,66.1,66.64229171,0.52173913
18,2.5,66.4,65.07048655,0.620689655
20,2.8,65.8,65.32587312,0.666666667
12,2.2,66,65.96051557,0.52173913
15,2.3,66.2,67.13099782,0.576923077
13,2.3,66.2,65.74155143,0.52
12,2.2,66.2,66.5009166,0.5
13,2.2,66.2,68.3891717,0.52
12,2.3,65.8,64.2115561,0.52173913
11,2.1,66.1,67.83480858,0.47826087
10,2,66.3,64.99433072,0.454545455
10,2,66.3,65.46913784,0.476190476
10,2.1,66.3,67.75381714,0.454545455
11,2.1,66.3,67.22748722,0.47826087
11,2.1,66.3,65.9140868,0.5
11,2.1,66.2,65.5505576,0.5
12,2.3,65.9,64.81018903,0.52173913
12,2.2,65.9,65.06351301,0.52173913
10,2.4,65.2,64.15299159,0.454545455
10,2.1,65.6,64.38329191,0.454545455
12,2.1,66,65.59334431,0.52173913
16,2.4,66.2,66.61688456,0.615384615
12,2.3,66,67.02355146,0.52173913
8,1.9,66.1,66.3386913,0.4
12,2.1,66.4,67.33605401,0.52173913
9,2,66.4,68.51954408,0.428571429
12,2.4,65.7,63.47284808,0.52173913
9,2,66,67.54868048,0.428571429
9,2,66.1,66.01361844,0.428571429
9,2,66.2,66.76706791,0.428571429
12,2.1,66.3,65.37675134,0.52173913
13,2.4,65.8,64.57520339,0.541666667
9,2,66.1,67.70218997,0.428571429
9,2,66.2,68.41135672,0.428571429
9,2,66.3,67.75831228,0.428571429
12,2.1,66.5,66.15954299,0.52173913
9,2,66.4,68.44828053,0.428571429
9,2,66.3,66.05178973,0.428571429
12,2.2,66.2,66.45821897,0.52173913
9,2,66.2,67.5578654,0.428571429
10,2,66.2,66.43306733,0.476190476
8,2,66,64.20252879,0.4
7,1.9,66,66.61913287,0.368421053
8,1.9,66.4,66.299389,0.4
7,1.9,66.4,63.6525036,0.368421053
8,1.9,66.3,67.59383217,0.4
8,1.9,66.1,65.4091582,0.4
10,2.2,65.7,65.97464249,0.476190476
9,2,65.8,65.54433408,0.428571429
8,1.9,66,65.80735993,0.4
9,2,65.9,64.77623116,0.428571429
7,1.9,65.9,65.87854215,0.368421053
9,2,66.1,64.79138091,0.428571429
8,1.9,66,67.09383369,0.4
8,1.9,66,68.16123733,0.4
8,1.9,66.1,64.94115049,0.4
8,2,66.2,68.30125025,0.4
9,2,66.1,65.24184926,0.428571429
8,1.9,66,65.78280776,0.4
9,2,66.1,65.9147547,0.428571429
13,2.2,66.2,67.57122667,0.541666667
8,1.9,66.2,66.44813456,0.4
10,2,66.2,66.03866039,0.476190476
8,1.9,66.2,66.15071341,0.4
9,2,66.1,67.65260172,0.428571429
9,2,66.1,66.27097447,0.428571429
7,1.9,66.1,64.63513483,0.368421053
7,1.9,66.1,67.704591,0.368421053
8,1.9,66.1,64.9506868,0.4
8,1.9,66.2,68.24479023,0.4
7,1.9,66.2,65.70307871,0.368421053
13,2.3,66,66.50135701,0.541666667
10,2.1,66.2,65.77755748,0.454545455
14,2.4,66,65.96814467,0.56
14,2.3,66.1,66.52652985,0.56
10,2,66.4,65.72286571,0.476190476
15,2.4,66.3,66.19818601,0.576923077
11,2.1,66.1,66.52787333,0.5
14,2.5,65.7,64.49239985,0.56
18,2.6,65.9,68.40649905,0.620689655
17,2.5,66,66.3310714,0.607142857
18,2.7,65.7,66.71513097,0.642857143
15,2.4,66,65.99842103,0.576923077
16,2.5,65.9,65.46901018,0.615384615
22,2.8,66,64.90814267,0.6875
19,2.6,66.2,66.79079149,0.655172414
25,3,66.4,66.22482605,0.714285714
21,2.6,66.6,67.18734073,0.677419355
23,3.4,63.9,63.30067805,0.696969697
24,3.1,64.8,64.42449501,0.705882353
29,3.2,65.9,66.75049312,0.763157895
27,3.1,66.4,65.55428568,0.72972973
29,3.2,66.4,65.75653351,0.763157895
35,3.6,63.7,62.88982338,0.813953488
42,4,64.5,64.86045609,0.857142857
38,3.8,64.6,63.79019656,0.826086957
36,3.6,65.3,64.60568482,0.818181818
36,3.9,63.6,62.03595821,0.818181818
48,4.3,65.1,65.36660559,0.888888889
51,4.9,63.3,63.37071796,0.894736842
46,4.2,65,66.85567034,0.867924528
52,4.8,64.1,65.87888252,0.896551724
45,4.3,64.5,62.55140712,0.865384615
47,4.5,64.2,66.5632036,0.87037037
51,4.7,64.6,65.01464232,0.894736842
47,4.4,64.5,62.96564121,0.87037037
56,5.1,64.9,64.33543247,0.918032787
56,4.9,64.9,67.64935447,0.918032787
60,5.2,65.3,65.30214835,0.923076923
50,4.7,64.6,64.68128634,0.892857143
59,5.3,64.1,63.87435793,0.921875
64,5.4,64.9,64.53674036,0.941176471
79,6.5,65,64.71210066,0.975308642
64,5.6,64.4,65.27702149,0.941176471
59,5.2,64.6,65.26498124,0.936507937
64,5.6,63.9,63.5826827,0.941176471
63,5.6,63.5,63.18957121,0.940298507
60,5.1,64.9,63.18352214,0.9375
63,5.6,64.3,67.50733585,0.940298507
60,5.3,64.5,62.94902977,0.923076923
58,5.4,63.9,62.18801719,0.920634921
45,4.6,64.2,63.02840631,0.882352941
49,4.6,65.3,64.92976839,0.890909091
55,5.3,63.9,65.86913111,0.901639344
45,4.4,64.1,62.83240679,0.882352941
39,3.9,64.8,64.78770893,0.829787234
50,5,62.9,65.6766175,0.892857143
41,4.2,63.1,62.48376333,0.854166667
44,4.5,62.8,63.33948937,0.862745098
48,4.9,62.1,61.98920111,0.888888889
41,4.4,60.5,58.67289121,0.836734694
44,4.5,61.1,62.37035371,0.862745098
42,4.4,61.3,60.38613324,0.857142857
45,4.4,63.1,62.39424494,0.865384615
42,4.2,64.6,64.900753,0.857142857
35,4,63.1,63.0757923,0.813953488
36,4,63,62.20129565,0.818181818
43,4.4,63,64.34282364,0.86
39,4.3,61.7,59.88830457,0.829787234
50,5,61.8,63.92216132,0.892857143
44,4.7,60.5,60.83961472,0.862745098
39,4.3,60.3,62.73053561,0.847826087
40,4.1,62.4,64.23465359,0.85106383
42,4.6,60.3,60.83918954,0.857142857
50,4.9,61,62.44280422,0.892857143
37,4,60.7,59.55170573,0.822222222
51,4.7,63.4,62.93404627,0.894736842
40,4.1,60.8,61.56448965,0.85106383
41,4.3,61.6,61.47560076,0.836734694
41,4.5,60.6,62.97900086,0.854166667
40,4.2,61.8,61.51568095,0.85106383
42,4.6,60.3,58.88807631,0.857142857
45,4.6,60.9,58.26862519,0.882352941
50,5,61.5,61.34301384,0.892857143
48,4.9,60.8,59.7257117,0.888888889
39,4.2,61.1,60.5163379,0.829787234
46,4.6,62.2,59.96576777,0.884615385
51,5,62.7,62.89555346,0.894736842
52,5,62,63.17031824,0.896551724
25,3.7,65.9,66.45267876,0.714285714
50,5.1,62.7,62.52349101,0.892857143
61,5.5,61.4,60.50101917,0.938461538
54,5.1,62.5,63.91176717,0.915254237
63,5.8,62.7,63.75529002,0.940298507
91,7.4,61.5,60.94036354,1
62,5.7,61,60.90896415,0.925373134
58,5.4,61,60.19434434,0.920634921
68,6.2,60.3,59.98230943,0.944444444
65,5.9,60.5,60.27868955,0.942028986
76,6.3,62.5,62.95476998,0.974358974
85,7.4,61,60.66875517,0.988372093
76,6.3,62.9,61.71966776,0.974358974
58,5.4,61.8,62.04814175,0.920634921
64,5.6,62.6,58.02475166,0.941176471
70,6.1,62.3,62.10014401,0.95890411
81,6.8,62.3,62.76036361,0.975903614
74,6.3,62.4,64.19139863,0.961038961
62,5.6,62.2,60.76280612,0.925373134
77,6.6,61.5,61.40474672,0.974683544
68,6.1,61,62.39642071,0.944444444
70,6.2,60.2,60.25567144,0.95890411
76,6.3,62.1,60.59339875,0.962025316
77,6.4,63.1,64.24044011,0.974683544
64,5.6,62.9,61.74649465,0.941176471
72,6.2,62.7,61.12136724,0.96
65,5.8,61.6,61.21034842,0.955882353
65,5.4,63.8,63.1836785,0.942028986
72,5.9,64.7,64.81268109,0.96
78,6.3,64.7,65.59034173,0.975
57,5.1,64.2,63.846798,0.919354839
65,5.6,63.3,65.70853047,0.942028986
71,5.9,63,62.43298931,0.959459459
67,5.6,62.8,63.179877,0.957142857
78,6.7,61.1,60.39157887,0.975
76,6.6,60.2,59.91562167,0.974358974
80,6.4,61.6,61.14841015,0.987654321
70,5.9,61.9,61.55313746,0.95890411
69,5.9,61.7,62.85899912,0.958333333
65,5.8,60.6,59.98760063,0.942028986
88,7.2,60.8,61.76744372,0.988764045
70,5.9,61.9,64.70612038,0.945945946
61,5.5,61.4,60.17689924,0.924242424
59,5.2,62.1,62.75099959,0.936507937
62,5.6,61.2,61.92080788,0.925373134
64,5.4,62.8,61.53356606,0.941176471
66,5.7,62.8,62.92839664,0.942857143
65,5.6,62.9,64.21504793,0.942028986
64,5.4,63.3,59.58701882,0.941176471
57,4.9,64.4,64.34132383,0.919354839
55,5.1,62.4,61.78883408,0.916666667
52,4.8,62.4,61.27242997,0.896551724
54,4.8,63.4,63.32377931,0.915254237
49,4.7,62,61.74141489,0.890909091
46,4.2,63.6,61.71572501,0.867924528
38,3.8,63.9,63.70399778,0.826086957
40,3.8,64.5,65.98208866,0.85106383
43,4.1,64.8,64.66647213,0.86
35,3.6,64.5,64.23028309,0.813953488
39,3.8,64.7,65.4848361,0.847826087
31,3.4,67.5,68.03880115,0.775
38,4,63,62.98208094,0.826086957
37,3.6,64.3,65.99642018,0.822222222
29,3.2,67,67.55383547,0.763157895
35,3.5,64.4,66.99551545,0.813953488
31,3.5,66.3,68.39699454,0.775
22,2.8,66.5,68.18596317,0.6875
31,3.4,66,64.78861619,0.775
26,3,66.4,64.99924658,0.742857143
31,3.4,66.1,66.43368688,0.794871795
23,2.8,66.4,65.2000373,0.696969697
28,3.3,65.7,65.36410497,0.756756757
25,2.9,66.3,65.97569501,0.714285714
29,3.2,66.6,67.438213,0.763157895
24,2.9,66.6,66.57329784,0.727272727
21,2.7,66.6,63.65493628,0.677419355
28,3.1,66.6,69.23562168,0.756756757
20,2.8,65.9,64.79472662,0.666666667
25,3,65.9,67.78792593,0.714285714
23,2.8,66.4,66.08988281,0.696969697
20,2.8,65.9,66.22727992,0.666666667
20,3,65,63.67755711,0.666666667
16,2.6,65,65.68321807,0.615384615
22,2.8,65.8,63.80899191,0.6875
22,2.8,66.2,64.80527712,0.6875
20,2.7,66.2,65.30747798,0.666666667
23,3,65.7,66.55774293,0.696969697
15,2.3,65.9,65.14509124,0.576923077
18,2.6,66,66.6289628,0.620689655
13,2.3,66,65.24462983,0.52
16,2.5,66,66.6836759,0.615384615
17,2.5,66.2,65.62740249,0.607142857
21,2.7,66.2,65.46588123,0.677419355
16,2.7,65.3,65.80712048,0.592592593
17,2.7,65.3,63.18696477,0.607142857
16,2.5,65.5,66.52720844,0.615384615
14,2.3,65.9,64.86027649,0.56
16,2.4,66.1,66.7098186,0.592592593
12,2.3,65.8,65.5515431,0.52173913
12,2.2,66,64.66053594,0.52173913
13,2.6,65.1,63.8112977,0.541666667
15,2.4,65.6,63.83353085,0.576923077
15,2.4,65.9,68.44061978,0.576923077
16,2.4,66,64.748603,0.592592593
11,2.1,66,66.56441283,0.5
9,2,66.2,67.69409239,0.428571429
14,2.3,66.1,66.0466255,0.56
11,2.1,66.2,67.2649737,0.47826087
16,2.4,66.3,66.97631915,0.592592593
13,2.3,66,65.42985477,0.52
12,2.2,66,68.18832807,0.52173913
15,2.5,65.6,66.29010579,0.576923077
12,2.2,65.8,67.27596633,0.52173913
10,2.1,65.9,63.7984172,0.454545455
9,2,66.1,67.25220622,0.428571429
10,2,66.2,66.14665415,0.476190476
9,2,66.3,64.01340474,0.428571429
10,2.1,66.2,65.66853081,0.454545455
10,2.1,66.1,66.00726461,0.476190476
11,2.1,66.1,67.72228872,0.5
12,2.2,66,67.52084869,0.5
12,2.2,66,64.91817868,0.5
8,1.9,66.1,64.6291981,0.4
8,1.9,66.2,66.38873503,0.4
7,1.9,66.2,67.75111061,0.368421053
8,1.9,66.2,67.29619306,0.4
9,2,66.2,66.07824356,0.428571429
7,1.9,66.2,66.47609356,0.368421053
9,2,66.3,67.17252512,0.428571429
12,2.2,66.3,66.62055589,0.52173913
8,1.9,66.5,68.23159947,0.4
12,2.2,66.4,67.30701493,0.52173913
10,2.4,65.2,63.33886216,0.476190476
10,2.1,65.7,64.72501155,0.476190476
8,2.1,65.4,68.09697117,0.4
8,1.9,65.8,66.53501833,0.4
11,2.1,66,66.05756034,0.5
8,1.9,66.3,67.16688454,0.4
8,1.9,66.4,67.62833209,0.4
7,1.9,66.4,69.03717457,0.368421053
8,1.9,66.9,70.01958353,0.4
8,1.9,66.7,69.17419795,0.4
9,2,66.6,65.12881009,0.428571429
11,2.3,66,65.91000629,0.5
7,1.9,66.5,66.40528341,0.368421053
8,2,66.6,65.71633953,0.4
8,1.9,66.9,70.37070121,0.4
8,1.9,67,69.57645655,0.4
7,1.9,67,68.73718722,0.368421053
10,2,66.7,67.25957608,0.476190476
8,2,66.3,66.18998926,0.4
9,2,66.5,65.56651947,0.428571429
12,2.2,66.4,67.6610065,0.52173913
9,2,66.3,66.35476501,0.428571429
9,2,66.3,64.51396893,0.428571429
10,2,66.4,66.83489845,0.476190476
11,2.1,66.4,64.30138133,0.47826087
9,2.2,65.8,67.02318373,0.428571429
11,2.3,65.5,65.17486582,0.5
8,1.9,66,66.49906599,0.4
10,2.1,66.1,65.15449803,0.476190476
8,1.9,66.1,67.6959455,0.4
10,2,66.3,67.58628665,0.476190476
10,2.3,65.6,63.799927,0.476190476
11,2.2,65.8,63.72219818,0.47826087
12,2.3,65.9,63.60894998,0.5
14,2.3,66.1,67.06073486,0.56
11,2.1,66.1,64.77278645,0.5
10,2.1,66.2,65.60342569,0.454545455
14,2.3,66.1,66.80578898,0.56
12,2.3,66,67.98148785,0.5
15,2.4,66.1,64.50594121,0.576923077
15,2.5,66,65.88234471,0.576923077
12,2.1,66.4,66.90797229,0.5
16,2.6,65.8,63.42413847,0.592592593
16,2.5,65.8,67.80697412,0.592592593
18,2.6,66,66.52893063,0.642857143
17,2.7,65.5,64.76682321,0.62962963
18,2.5,66,65.55981299,0.642857143
19,2.6,66.3,65.58949563,0.633333333
28,3.2,65.3,64.3782678,0.756756757
27,3.3,65.5,64.53798611,0.72972973
30,3.2,66.5,67.1643725,0.789473684
32,3.4,66.8,66.24438535,0.8
31,3.5,66.1,64.5579136,0.775
34,3.6,63.6,66.80898355,0.80952381
36,3.7,63.7,63.69887865,0.818181818
41,4,64.2,62.94724402,0.854166667
37,3.9,63.4,63.46155025,0.822222222
55,5,62.9,62.82163284,0.916666667
42,4.2,62.9,62.20883039,0.857142857
40,3.9,63.9,63.28523005,0.85106383
44,4.1,64.4,67.0080855,0.862745098
60,5.5,64.8,64.88563498,0.923076923
60,5.3,64.7,63.42411151,0.923076923
57,5.1,64.3,63.74865386,0.919354839
57,5.2,63.7,64.28883331,0.919354839
67,5.7,64.5,63.22967022,0.957142857
69,6.3,62.3,63.54952183,0.945205479
64,5.4,64.5,66.64454712,0.941176471
67,5.8,64.1,65.35818318,0.943661972
56,5.3,62.7,61.69278983,0.918032787
65,5.6,63.5,62.55222166,0.955882353
69,5.9,64.2,63.17473807,0.958333333
61,5.4,64.1,63.79925105,0.924242424
63,5.4,64.7,64.77703569,0.940298507
54,5.2,62.8,63.32286714,0.9
68,6,61.6,59.43942817,0.957746479
56,5.2,61.9,61.21684394,0.918032787
59,5.2,63.6,63.28321999,0.936507937
56,5.1,64.2,63.98059272,0.918032787
58,5.2,65.5,66.24092665,0.920634921
50,4.8,64.9,65.85747749,0.892857143
47,4.5,65.3,67.54531676,0.87037037
46,4.6,65.1,65.75923895,0.867924528
45,4.4,64.8,64.54786156,0.865384615
46,4.5,64.9,65.91624504,0.867924528
46,4.9,61.4,61.36769556,0.884615385
46,4.5,62.8,60.46724072,0.884615385
36,3.8,63.2,61.47366876,0.818181818
46,4.7,61.9,63.19266018,0.884615385
44,4.5,62.3,61.32374944,0.862745098
41,4.2,62.8,64.32065143,0.854166667
50,4.7,64.1,63.44610393,0.892857143
46,4.7,62.7,63.22048254,0.867924528
40,4.2,62.9,63.92640272,0.85106383
48,4.5,64.7,64.81217859,0.888888889
33,3.5,67.8,66.988541,0.804878049
41,4.1,64.9,65.88145675,0.836734694
36,3.8,64.7,66.850994,0.818181818
38,4,64.3,65.62393322,0.826086957
35,4,62.5,63.21483006,0.813953488
44,4.4,62.9,65.09313108,0.862745098
43,4.5,62.2,62.77664211,0.86
35,3.5,64.6,64.68909833,0.813953488
43,4.3,64.8,65.05311829,0.86
46,4.4,65.2,64.69683975,0.884615385
35,3.7,65.3,64.29971874,0.813953488
43,4.5,63.2,63.82201666,0.86
39,3.9,65.2,64.44936308,0.829787234
37,3.9,62.6,63.67709284,0.822222222
46,4.6,63,60.78761018,0.867924528
31,3.7,64.5,63.62892445,0.794871795
43,4.4,62.4,61.23428277,0.86
38,3.8,64.2,65.18079307,0.826086957
39,4,64.1,61.57865545,0.847826087
41,4.3,63,62.75330528,0.854166667
36,3.6,65.2,65.00527507,0.818181818
45,4.7,62.6,60.70683204,0.865384615
32,3.5,66.4,64.55572233,0.8
43,4.2,64.9,63.2401709,0.86
36,3.9,64.5,64.3556981,0.818181818
46,4.6,63.7,63.2904888,0.867924528
44,4.4,63.5,64.19918785,0.862745098
46,4.6,63.5,65.68200808,0.884615385
45,4.6,62.8,64.60609087,0.865384615
40,4,64.7,67.09130557,0.85106383
48,4.9,63.5,65.11733625,0.888888889
41,4.3,63.1,64.01867373,0.854166667
52,4.9,63.7,62.87003348,0.896551724
43,4.4,63.4,61.07767285,0.86
52,4.8,64.9,65.7799911,0.896551724
46,4.5,64.4,66.28951356,0.884615385
45,4.5,63.7,63.09574868,0.865384615
45,4.5,63.9,66.94388861,0.882352941
51,5.1,62.1,62.35940458,0.894736842
51,4.8,61.3,61.35870955,0.910714286
60,5.4,62.4,61.91321973,0.923076923
50,4.7,62.8,62.36398048,0.892857143
51,4.8,62.8,63.62551384,0.894736842
56,5,63.4,63.57873797,0.918032787
70,6.2,62.5,63.73984698,0.95890411
66,5.8,62.7,65.16147658,0.942857143
66,5.7,63.6,64.14304532,0.942857143
55,5.2,62.7,61.70435534,0.901639344
64,5.6,61.3,61.79280114,0.941176471
68,5.9,62,60.79683927,0.944444444
59,5.1,63,63.70677483,0.936507937
57,5.1,63.3,64.6549872,0.919354839
70,5.8,64.1,62.9622007,0.95890411
56,5.1,63.7,65.60510617,0.918032787
58,5.3,62.6,62.45641302,0.920634921
63,5.6,62.1,63.15807137,0.940298507
65,5.5,63.3,63.01743921,0.942028986
67,5.7,63.1,64.29705494,0.957142857
63,5.3,64.1,65.0305308,0.940298507
59,5.4,62.2,64.00380234,0.936507937
80,6.5,62.8,63.30147059,0.987654321
68,5.5,64.5,64.90000185,0.957746479
66,5.5,64.7,65.86675065,0.942857143
70,6.1,62.3,59.9725355,0.95890411
59,5.1,63.2,64.13279775,0.936507937
57,5.1,63.2,61.64864556,0.919354839
68,5.5,64.7,65.09553786,0.957746479
69,5.8,64.2,63.30170611,0.958333333
51,4.9,62.5,60.86000701,0.894736842
64,5.4,63.3,64.55419351,0.941176471
66,5.6,63.3,63.60032245,0.942857143
66,5.4,64.4,64.49694204,0.942857143
76,6.3,63.8,58.79862329,0.974358974
79,6.5,62.6,63.77275849,0.975308642
65,5.4,64.2,63.71892009,0.942028986
71,5.7,65.3,65.882811,0.959459459
75,6.2,64,66.2325768,0.974025974
68,5.5,65,63.23956449,0.957746479
70,6,63.4,63.97083278,0.95890411
70,5.9,62.9,62.22379677,0.95890411
61,5.3,63.4,63.23302515,0.924242424
50,4.5,63.8,62.88954824,0.892857143
60,5.3,63.4,62.80117976,0.923076923
60,5,64.9,66.06775979,0.923076923
68,5.5,65.3,65.57589269,0.944444444
64,5.4,64.9,63.07539221,0.941176471
50,4.7,63.4,63.03668161,0.892857143
52,4.8,63.2,63.83361392,0.896551724
52,4.6,64.3,67.1562592,0.896551724
48,4.3,63.8,64.7086457,0.888888889
41,4,62.3,63.14572305,0.836734694
42,4,63.5,61.75993859,0.857142857
47,4.3,64.2,64.7872603,0.886792453
38,3.8,63.9,63.78773267,0.826086957
44,4.2,63.6,61.77958553,0.862745098
40,3.8,64.5,62.72071755,0.85106383
37,3.9,62.9,60.19858377,0.822222222
36,3.5,64.1,65.52898103,0.818181818
37,3.7,64.2,64.71908079,0.822222222
29,3.2,66.9,66.46296806,0.763157895
36,4,61.7,61.49894356,0.818181818
36,3.6,62.9,64.04953678,0.818181818
30,3.3,66.3,67.61245471,0.789473684
31,3.3,66.9,67.49184209,0.794871795
28,3.1,66.8,66.03221382,0.756756757
28,3.1,65.8,67.19374746,0.756756757
33,3.5,66.9,63.99641978,0.785714286
23,2.9,66.8,64.63488557,0.696969697
27,3,67.3,68.06261125,0.75
24,3.1,66,65.29896806,0.727272727
26,3.2,65.5,63.78007037,0.742857143
23,3.1,65.2,66.51136899,0.696969697
22,2.7,66.2,66.09943109,0.6875
24,2.9,66.2,67.29220526,0.727272727
25,2.9,66.6,67.14093021,0.735294118
21,2.7,66.7,66.49903897,0.677419355
23,3,65.9,66.59213649,0.696969697
20,2.6,66.4,65.18351775,0.666666667
24,2.8,66.7,65.63662622,0.727272727
17,2.5,66.5,66.59591498,0.607142857
26,3.1,66.7,64.55632694,0.722222222
21,2.9,66.3,65.39574215,0.65625
16,2.4,66.4,67.44734853,0.592592593
14,2.5,65.7,66.59252944,0.56
15,2.6,65.5,64.83178707,0.576923077
25,3.2,65.2,63.24156839,0.735294118
13,2.4,65.2,65.77544224,0.52
26,3,66.1,65.50167076,0.742857143
16,2.4,66.2,65.31317492,0.615384615
14,2.3,66.3,66.82923486,0.56
16,2.4,66.2,67.53767665,0.615384615
19,2.6,66.3,65.88105729,0.655172414
18,2.5,66.3,66.67240217,0.642857143
15,2.3,66.4,65.5057023,0.576923077
12,2.6,65.2,67.02706468,0.52173913
17,2.4,65.9,67.06029288,0.607142857
18,2.7,65.6,64.59047163,0.642857143
14,2.5,65.5,65.05117007,0.56
10,2.1,65.9,66.4132562,0.454545455
15,2.3,66.1,64.09516603,0.576923077
12,2.2,66.1,67.57489692,0.52173913
13,2.2,66.2,67.30132283,0.52
12,2.4,65.8,65.17440515,0.5
12,2.1,66.1,66.21664469,0.52173913
11,2.1,66.1,65.9183609,0.5
13,2.4,65.7,66.82941907,0.541666667
14,2.3,66,66.14887667,0.56
11,2.1,66,65.60110218,0.5
10,2.1,66,69.26696715,0.454545455
10,2,66.2,68.79858389,0.476190476
10,2,66.2,66.07804105,0.476190476
13,2.3,66.1,66.04520965,0.52
10,2.4,65.2,62.75089835,0.454545455
9,2,65.7,66.98446644,0.428571429
10,2,65.9,64.86544289,0.476190476
14,2.3,66.1,67.95333344,0.56
9,2.1,65.7,65.27993359,0.428571429
9,2,65.9,65.44670181,0.428571429
9,2,66,66.86538199,0.428571429
8,1.9,66,67.41163816,0.4
9,2,66,65.80975039,0.428571429
8,1.9,66,66.10295556,0.4
10,2,66.1,67.22498836,0.476190476
10,2.1,66.2,65.46002272,0.454545455
12,2.2,66.2,65.36664685,0.52173913
10,2.1,66.2,64.71580694,0.454545455
9,2,66.2,66.77899915,0.428571429
10,2,66.2,66.89365489,0.476190476
9,2,66.1,68.58575706,0.428571429
9,2,66.2,66.03192449,0.428571429
8,2.1,65.7,66.64998207,0.4
7,1.9,65.7,63.6607208,0.368421053
8,1.9,66,65.43160171,0.4
10,2,66.2,65.1522708,0.476190476
7,1.9,66.2,66.22225213,0.368421053
8,1.9,66.4,65.52357021,0.4
9,2.2,65.8,65.5147818,0.428571429
7,1.9,65.8,62.77104374,0.368421053
8,2,66.1,67.30813308,0.4
8,2,66.2,64.76081292,0.4
9,2,66.2,65.11836879,0.428571429
7,1.9,66.2,65.88920691,0.368421053
10,2.1,66.2,68.39993738,0.476190476
9,2,66.2,64.96135308,0.428571429
10,2.1,66.3,63.47919311,0.454545455
10,2.1,66.3,66.62011958,0.476190476
7,1.9,66.3,66.34461753,0.368421053
9,2,66.4,65.37734458,0.428571429
10,2.2,65.9,66.35893627,0.476190476
8,1.9,66.2,66.33203981,0.4
9,2.3,65.3,64.56334613,0.428571429
12,2.2,65.7,64.71384486,0.52173913
7,1.9,65.7,64.96012692,0.368421053
12,2.2,65.9,64.05415967,0.52173913
10,2.3,65.5,64.03201911,0.476190476
11,2.1,65.9,69.15153932,0.5
11,2.1,66.2,65.57901023,0.47826087
10,2.1,66.3,65.66737407,0.454545455
10,2,66.4,68.85242829,0.476190476
10,2.1,66.2,65.35168524,0.454545455
11,2.2,66.1,66.07620938,0.47826087
16,2.4,66.3,66.56248956,0.592592593
12,2.2,66.4,64.29130268,0.5
14,2.3,66.4,66.87645263,0.56
15,2.5,66.1,65.82236982,0.576923077
16,2.5,66,67.72267713,0.615384615
14,2.3,66.3,68.4705965,0.56
16,2.5,66.4,67.7078205,0.592592593
12,2.2,66.3,66.98677358,0.5
18,2.7,65.9,66.5226527,0.642857143
13,2.4,65.9,67.46113249,0.52
18,2.6,65.9,68.53573732,0.642857143
18,2.6,66.1,65.33396117,0.620689655
19,2.6,66.3,66.35663095,0.655172414
21,2.8,66.4,67.30069007,0.677419355
24,3.1,65.7,65.9312079,0.727272727
27,3.4,64.8,65.18167973,0.72972973
29,3.3,65.6,65.88651736,0.763157895
21,2.9,65.2,64.78993688,0.677419355
34,3.4,63.7,64.9609914,0.80952381
35,3.6,64,63.82838555,0.813953488
22,2.9,66.3,65.34191464,0.6875
32,3.4,66.9,66.34854722,0.8
35,3.4,64.9,63.9132143,0.813953488
44,4.1,65.7,66.38163174,0.862745098
44,4.1,65.3,65.87947485,0.862745098
41,3.9,65.5,68.98310787,0.836734694
41,4.1,64.6,65.08877718,0.854166667
37,3.7,64.6,63.85573114,0.822222222
46,4.4,64,62.83487251,0.867924528
51,4.7,63.8,64.21767312,0.894736842
46,4.4,63.4,63.51363429,0.867924528
57,5,63.7,64.37124777,0.919354839
45,4.2,64,64.25766764,0.882352941
53,4.8,64.1,64.12022036,0.898305085
56,5.1,62.9,62.82828225,0.918032787
54,4.8,63.3,63.38630802,0.915254237
55,4.9,63.9,61.95759806,0.916666667
62,5.4,63.6,64.24603445,0.925373134
63,5.4,63.9,63.89119768,0.940298507
62,5.7,61.4,63.04021588,0.939393939
61,5.3,62.1,60.84296267,0.938461538
69,5.8,62.8,64.7204696,0.958333333
67,5.4,64.8,63.97928113,0.943661972
56,5,64.4,64.52441998,0.918032787
54,5.1,62.5,62.41297886,0.9
67,6.1,60.9,61.5260776,0.943661972
63,5.6,61.5,59.90301959,0.940298507
71,5.8,63.6,63.3501861,0.959459459
57,4.9,64.8,63.62408313,0.919354839
61,5.5,63.4,65.07570192,0.938461538
61,5.9,60,61.42271856,0.924242424
56,5,62,61.03978808,0.918032787
58,5.3,61.9,64.98281514,0.920634921
57,5.2,61.8,59.92855453,0.919354839
47,4.4,62.6,63.22814035,0.886792453
52,4.8,63.6,65.17211927,0.896551724
50,4.6,64.7,63.56189126,0.892857143
46,4.8,61.1,61.33355586,0.884615385
46,4.4,62.6,61.6605735,0.867924528
50,4.7,63.5,62.40032536,0.892857143
49,4.7,62.7,61.83912513,0.890909091
44,4.3,63,62.69197511,0.862745098
56,5.6,60,58.44955807,0.918032787
50,4.6,62.7,65.23160974,0.892857143
41,4,64.1,64.89021105,0.854166667
52,4.8,64.4,63.58461849,0.896551724
50,4.8,63.8,63.57237949,0.892857143
43,4.6,60.5,60.13339007,0.86
44,4.5,60.7,59.31781289,0.862745098
53,4.9,61.3,62.38080213,0.913793103
51,4.8,61.8,61.13943066,0.910714286
48,5.1,59.1,57.67439054,0.888888889
55,5.1,61.1,60.59010551,0.916666667
49,4.7,61.8,60.48924096,0.890909091
50,4.8,61.9,62.08590531,0.892857143
41,4.3,61.6,60.17958941,0.854166667
50,5.1,59.9,61.34632451,0.892857143
43,4.4,59.4,58.48128002,0.86
48,4.3,64.2,66.15375735,0.888888889
46,4.6,63.1,63.54374012,0.884615385
40,4.3,61.6,60.57044915,0.85106383
45,4.3,64,60.95197167,0.865384615
46,4.4,65.3,65.78832403,0.867924528
47,4.8,63.2,63.11304969,0.87037037
43,4.3,63.7,64.13658581,0.86
45,4.6,63,64.04282617,0.865384615
43,4.4,62.6,63.87778087,0.86
40,4,64.1,65.37722475,0.85106383
40,4.2,63.6,63.47365319,0.85106383
41,4.1,64.2,64.02529451,0.854166667
47,4.7,63.9,64.29708162,0.87037037
46,4.4,64.6,66.35976252,0.867924528
42,4.4,63.5,65.402529,0.857142857
44,4.6,62.4,62.55537679,0.862745098
49,5.3,59.4,60.37915979,0.890909091
38,3.8,62.6,62.76947611,0.826086957
48,4.7,63.6,63.57514648,0.888888889
41,4.4,62.2,63.0194613,0.854166667
42,4.5,61.4,60.35426455,0.857142857
45,4.2,64.5,66.28134976,0.882352941
40,3.9,65.7,65.39265806,0.85106383
40,4.1,64.9,65.33843922,0.85106383
43,4.4,64.2,62.33048665,0.86
43,4.4,63.6,64.76772845,0.86
47,5.1,60,59.07581147,0.87037037
60,5.5,61.7,61.81156811,0.9375
56,5.5,61.3,61.51877088,0.918032787
58,5.6,59.5,58.77225524,0.920634921
62,5.8,60.9,59.77608202,0.939393939
54,5.4,60.1,58.87522402,0.9
62,5.8,59.4,57.94080591,0.939393939
62,5.6,60.8,60.70811539,0.939393939
69,6.2,60.9,62.22140842,0.958333333
59,5.5,60.9,60.67358124,0.921875
67,6.3,59.8,60.07337595,0.943661972
63,5.6,61.7,62.02405467,0.940298507
64,5.5,63.7,65.005155,0.941176471
60,5.4,63,61.66384028,0.9375
62,5.9,60.9,63.37430796,0.939393939
75,6.8,60.5,61.81243667,0.961538462
68,6.1,61.2,61.3247674,0.944444444
58,5.3,61.5,64.40833354,0.920634921
62,5.6,60.7,61.68902619,0.939393939
72,6.3,60.3,60.5863838,0.96
74,6.5,59.8,60.75169852,0.961038961
77,6.7,59.7,59.82264791,0.974683544
63,5.8,59.2,57.4548862,0.940298507
72,6.2,60.3,59.90739922,0.96
64,5.6,61,61.10909149,0.941176471
55,5.1,60.7,59.95476134,0.916666667
77,6.3,62,64.18702854,0.974683544
67,5.5,63.7,62.66392754,0.957142857
56,5.3,61.3,60.34903954,0.918032787
64,5.5,61.5,61.38057363,0.941176471
55,5.1,61.1,61.52290815,0.901639344
66,5.8,60.2,60.43272692,0.942857143
71,6.1,60.3,60.14412921,0.959459459
74,6.4,59.8,60.51059134,0.973684211
64,5.4,61.4,60.69089189,0.941176471
67,5.7,61.5,62.38957892,0.943661972
60,5.2,61.9,60.98688827,0.923076923
70,5.8,62.4,61.83536043,0.95890411
66,5.6,62.6,61.74280373,0.942857143
61,5.5,60.7,61.74109853,0.938461538
63,5.6,60.3,61.20707917,0.940298507
54,4.9,61.6,63.23776918,0.915254237
65,5.6,61.4,63.25427881,0.942028986
62,5.6,60.9,61.83391003,0.925373134
75,6.4,60.3,61.29025136,0.974025974
74,6,62.3,63.70353762,0.973684211
66,5.7,61.8,61.22515741,0.942857143
60,5.3,61.7,60.34058377,0.923076923
68,5.8,61.6,60.81233531,0.957746479
64,5.6,61.3,61.81365016,0.941176471
80,6.6,61.6,60.36997498,0.975609756
60,5.5,60.6,61.9987741,0.923076923
69,5.9,61,59.20388804,0.958333333
67,5.9,60.6,60.24987192,0.943661972
60,5.1,63.1,63.73086706,0.923076923
51,4.8,61.5,61.45884308,0.910714286
56,5.1,61.3,62.50536416,0.918032787
63,5.5,61.6,63.86374242,0.940298507
53,4.8,62.7,61.44998643,0.898305085
49,4.4,63.4,61.80189591,0.890909091
52,4.7,64,64.63442118,0.896551724
49,4.5,63.9,62.28682977,0.890909091
53,4.9,62.7,62.34954466,0.898305085
46,4.6,60.8,59.24726949,0.867924528
41,4,61.6,61.48449754,0.854166667
51,4.6,62.7,64.37893665,0.910714286
45,4.3,62.1,63.97431577,0.882352941
39,3.7,64,64.00645119,0.847826087
44,4.2,64.2,62.98272455,0.862745098
39,3.8,64,63.95353198,0.847826087
38,3.7,64.5,64.29636966,0.826086957
34,3.5,64.3,64.49924878,0.80952381
35,3.6,63.5,65.53761494,0.813953488
35,3.7,63,64.27271356,0.813953488
32,3.4,66.6,65.77477138,0.8
28,3.1,66.5,68.39193828,0.756756757
28,3.1,66.7,67.84978752,0.756756757
27,3.3,65.9,67.34556491,0.72972973
31,3.5,65.3,63.88128619,0.775
27,3.2,63.5,66.03089826,0.75
27,3.2,64.7,64.34866827,0.72972973
28,3.1,65.9,65.453511,0.756756757
23,2.9,65.9,66.96106866,0.696969697
25,3.3,64.5,62.23704156,0.714285714
26,3.1,65.3,66.09367097,0.742857143
27,3.2,65.5,64.41217184,0.72972973
24,2.9,65.8,64.05964176,0.727272727
22,2.8,66.2,66.31247308,0.6875
22,3.3,63.8,64.11868885,0.6875
24,2.9,65.3,65.99401311,0.727272727
17,2.8,64.7,66.36483763,0.607142857
16,2.6,65,63.92714362,0.592592593
21,3,64.6,65.20460106,0.677419355
30,3.4,65.4,64.90381246,0.769230769
22,2.8,65.8,66.56940318,0.6875
18,2.6,66,66.80201197,0.620689655
24,2.9,66,66.42765835,0.727272727
17,2.7,65.7,65.76107972,0.607142857
16,2.6,65.5,63.47409822,0.592592593
23,2.9,65.9,68.58987928,0.696969697
17,2.8,65,65.22958787,0.607142857
25,3,65.7,67.22987541,0.714285714
13,2.3,66,67.2827189,0.52
16,2.6,65.7,65.95627807,0.592592593
17,2.5,65.8,67.99950445,0.62962963
21,2.7,66.2,65.70020341,0.677419355
17,2.5,66.1,66.15534016,0.607142857
15,2.3,66.2,65.97263192,0.576923077
16,2.5,66,67.03091859,0.615384615
15,2.4,66.1,64.60633212,0.576923077
15,2.4,66.1,67.20039038,0.576923077
11,2.1,66.2,67.95112154,0.47826087
16,2.9,64.5,63.45997462,0.592592593
14,2.3,65.3,66.7818934,0.56
16,2.5,65.7,66.03515451,0.592592593
12,2.3,65.6,67.59840542,0.5
16,2.7,65.1,65.95880555,0.592592593
15,2.4,65.6,66.35376175,0.576923077
12,2.2,65.8,64.85582804,0.52173913
14,2.3,66,66.32984611,0.56
9,2,66,64.53204627,0.428571429
13,2.8,63.4,64.06024863,0.541666667
11,2.1,63.3,62.05528773,0.5
12,2.1,66.2,65.96704557,0.52173913
11,2.1,66.4,66.49120365,0.47826087
12,2.2,66.3,66.96431721,0.52173913
12,2.4,65.8,66.39947327,0.5
9,2,66,67.84606265,0.428571429
10,2.1,66.1,65.41336657,0.454545455
8,1.9,66.2,66.92765139,0.4
10,2.2,65.9,68.02172896,0.454545455
12,2.4,65.4,65.6023645,0.5
12,2.2,65.8,63.91423782,0.52173913
11,2.1,65.9,65.29245054,0.5
8,1.9,66,65.63322428,0.4
10,2.2,65.7,64.56364816,0.454545455
10,2.1,66,65.3088534,0.454545455
9,2,66.1,64.82378005,0.428571429
11,2.1,66.2,67.62409933,0.47826087
11,2.1,66.1,63.69829386,0.47826087
10,2,66.5,65.47050235,0.476190476
9,2,66.3,65.4367803,0.428571429
7,1.9,66.3,66.55097929,0.368421053
8,1.9,66.2,65.96592457,0.4
8,2,66.1,62.90287213,0.4
8,1.9,66.2,67.43666361,0.4
9,2,66.4,65.65796004,0.428571429
10,2,66.3,69.59752653,0.476190476
7,1.9,66.3,64.15384869,0.368421053
7,1.9,66.3,63.8291301,0.368421053
8,1.9,66.2,66.33271761,0.4
7,1.9,66.2,68.05057607,0.368421053
8,2,66.2,66.22103738,0.4
7,1.9,66.2,64.43060746,0.368421053
8,1.9,66.4,67.85286596,0.4
8,1.9,66.7,67.92781775,0.4
9,2,66.4,65.25885178,0.428571429
9,2,66.2,66.27083049,0.428571429
9,2,66.2,67.44020761,0.428571429
8,1.9,66.3,65.25685078,0.4
9,2.2,65.7,64.95644977,0.428571429
12,2.3,65.7,67.42224416,0.52173913
11,2.1,66,66.71615796,0.5
8,1.9,66.3,65.21359931,0.4
10,2.1,66.2,65.48921116,0.476190476
11,2.3,65.8,65.86884983,0.5
11,2.1,65.9,64.65905901,0.5
8,2,66,68.47026239,0.4
10,2.1,66,65.26729534,0.476190476
8,1.9,66.2,66.04557957,0.4
12,2.2,66.2,68.41425129,0.52173913
7,1.9,66.2,66.63212532,0.368421053
9,2,66.3,67.78571064,0.428571429
11,2.2,66.1,66.14020023,0.5
10,2.1,66,65.29189846,0.476190476
13,2.2,66.2,67.81334671,0.541666667
12,2.2,66.2,67.15365472,0.52173913
12,2.2,66.2,67.14083018,0.52173913
15,2.4,66.2,67.49845985,0.576923077
11,2.1,66.3,66.03071864,0.47826087
16,2.4,66.3,66.56735028,0.615384615
18,2.6,66.3,65.70487784,0.642857143
15,2.4,66,67.42359832,0.576923077
14,2.5,65.6,65.77076324,0.56
23,2.9,65.9,68.03739129,0.696969697
21,2.8,65.9,66.04401839,0.677419355
17,2.6,65.8,64.55940907,0.607142857
19,2.7,65.8,65.70468715,0.633333333
25,3,66.3,63.87246505,0.714285714
31,3.3,66.7,65.27842839,0.794871795
26,3.3,65.8,65.67932634,0.722222222
22,2.8,66.2,67.92311092,0.6875
29,3.2,66.4,64.66310745,0.763157895
29,3.2,66.7,66.09723762,0.763157895
35,3.6,63.7,64.70050109,0.813953488
34,3.8,62.2,61.14248242,0.80952381
39,3.9,62.9,61.18703805,0.829787234
36,3.7,63.4,61.76214499,0.818181818
32,3.5,66.4,64.30794195,0.8
35,3.9,61.6,62.46259131,0.813953488
35,3.6,63.2,64.54690138,0.813953488
43,4.1,63.7,61.71932703,0.86
56,4.9,64.2,63.66958308,0.918032787
36,3.6,64.5,63.9204263,0.818181818
51,4.8,63.1,62.67310625,0.894736842
54,4.7,65,65.53066231,0.915254237
46,4.3,65.2,64.83869082,0.884615385
46,4.5,63.4,62.58539208,0.884615385
56,4.9,63.9,63.02778372,0.918032787
43,4.2,63.4,62.60642553,0.86
57,5,63.6,62.43653148,0.919354839
57,4.9,64.7,68.18725213,0.919354839
52,4.6,65.1,64.05754377,0.896551724
58,5.2,63.3,61.99924379,0.920634921
56,5.1,62.6,60.94776504,0.918032787
57,4.8,65,65.92326002,0.919354839
56,5,64.3,66.34536941,0.903225806
48,4.8,61.2,62.63779352,0.888888889
51,4.8,62,60.63915622,0.894736842
55,4.9,63.3,63.68705962,0.916666667
62,5.7,62.3,62.15387547,0.925373134
55,5.1,62.6,64.27609546,0.901639344
53,5.1,61.8,61.89210645,0.898305085
50,5.2,59.2,59.15776134,0.892857143
62,5.7,60,60.66193567,0.925373134
55,5.3,59.9,58.38552688,0.916666667
63,5.5,62.5,63.67143663,0.940298507
47,4.6,62.3,61.720971,0.87037037
54,4.9,63,63.11009588,0.915254237
52,4.8,63.9,63.05507598,0.896551724
46,4.6,62.8,61.55398759,0.867924528
51,4.8,62.7,62.85774744,0.910714286
49,4.8,62.2,62.16880582,0.890909091
48,4.9,60.7,61.06118493,0.888888889
45,4.3,63.3,62.63819573,0.865384615
48,4.6,63.8,64.41623219,0.888888889
49,5.2,60.1,59.56790791,0.890909091
44,4.4,61.2,60.95810329,0.862745098
60,5.4,62.8,62.15915712,0.923076923
40,4,63.4,64.37021983,0.85106383
49,4.6,63.8,64.25963458,0.890909091
46,4.6,62.7,62.07286693,0.884615385
47,4.5,63,63.70274317,0.886792453
43,4.3,62.7,62.60338082,0.86
53,5,62.6,63.49332646,0.913793103
54,5.3,60.6,62.22142967,0.915254237
66,5.9,62.1,62.11593479,0.942857143
53,5.5,59.2,59.37905316,0.913793103
56,5.2,60,59.45998094,0.918032787
41,4.4,59.9,61.02839489,0.854166667
46,4.5,61.6,61.56963855,0.884615385
48,4.9,60.2,61.64660999,0.888888889
56,5.3,60.6,63.36025156,0.918032787
57,5.1,63.1,62.50823944,0.919354839
46,4.6,62,63.88768007,0.884615385
41,4.2,62,63.97811075,0.854166667
52,4.9,59,58.18459903,0.896551724
55,5,61.8,61.211666,0.916666667
49,4.9,61.3,61.83322123,0.890909091
50,4.7,62.6,62.11806751,0.892857143
48,4.6,62.7,64.32327963,0.888888889
59,5.5,62,64.20867555,0.921875
54,5.4,60.1,59.12802547,0.915254237
53,5,60.3,61.70539223,0.913793103
61,5.5,61,61.39968159,0.938461538
43,4.6,59.2,57.45132119,0.86
53,5.1,60.2,60.64894471,0.898305085
68,5.8,62.4,61.03473811,0.944444444
57,4.9,65.2,65.00994808,0.919354839
61,5.8,61.8,62.97750071,0.938461538
52,4.9,62,61.74533392,0.896551724
64,5.6,62.6,59.27864326,0.941176471
51,5.2,59.8,58.91662858,0.894736842
52,5,60.1,59.92968473,0.896551724
61,6,58.3,59.06976325,0.924242424
54,5.1,58.9,59.5459578,0.915254237
61,5.5,58.8,57.33039394,0.924242424
60,5.5,59.9,58.07467368,0.923076923
64,5.7,60.2,60.27940565,0.941176471
64,5.9,60,60.40033322,0.941176471
65,6,59.7,58.41103368,0.942028986
57,5.6,58.3,55.85074925,0.919354839
62,5.8,58.4,56.97522811,0.925373134
74,6.3,59.7,58.73207746,0.961038961
62,5.8,58.9,59.31410754,0.939393939
70,6.3,59,57.81235712,0.95890411
72,6.3,58.1,56.29100417,0.96
79,6.6,59.6,55.80203366,0.975308642
63,5.6,60.9,62.18988998,0.940298507
76,7.1,58.4,58.50597468,0.974358974
72,6.4,58.6,58.81781033,0.96
78,6.6,59.7,59.90326336,0.975
76,6.8,58.7,59.31760422,0.962025316
76,6.8,58.1,59.18976804,0.974358974
80,6.8,59.4,60.61346781,0.975609756
75,6.3,60.6,59.68936434,0.974025974
87,7.2,60.8,62.95427035,0.988636364
76,6.4,61.4,61.76494075,0.962025316
78,6.8,60.4,60.35907958,0.975
73,6.2,61.5,61.05854731,0.960526316
84,7.2,60.4,61.87368207,0.988235294
72,6.4,59.5,59.83288099,0.96
65,5.6,60.9,60.62401788,0.955882353
73,6.5,59.2,58.99470244,0.960526316
57,5.2,60.3,59.72541064,0.919354839
65,5.6,61.1,62.26688862,0.942028986
66,5.8,60.6,59.32695706,0.942857143
67,5.7,61.3,60.85327337,0.943661972
64,5.8,60.2,59.81271245,0.941176471
66,5.7,60.5,59.26123498,0.942857143
69,6,60.8,60.01347737,0.958333333
63,5.7,60.1,58.74332906,0.940298507
65,5.5,62,61.54349878,0.942028986
64,5.9,59.7,58.42342322,0.941176471
61,5.4,60.2,59.29213099,0.938461538
63,5.5,60.9,61.01796798,0.940298507
62,5.4,61.6,62.58642676,0.939393939
70,6,61.2,62.68300825,0.95890411
77,6.5,61,60.92412317,0.974683544
79,6.6,60.7,57.73544825,0.975308642
74,6.3,60.6,61.0854024,0.973684211
61,5.1,62.9,62.66236274,0.938461538
65,5.4,63.3,66.63232185,0.955882353
66,5.6,63.1,64.4321135,0.942857143
64,5.4,63.5,63.64285877,0.941176471
65,5.4,64.4,66.97149214,0.955882353
74,6.1,63.5,64.39897564,0.961038961
56,4.9,63.6,60.03126589,0.918032787
61,5.4,62.5,61.96665906,0.938461538
58,5.2,62.2,62.10818886,0.920634921
64,5.5,61.9,61.6456348,0.941176471
55,4.8,63.1,65.86906687,0.916666667
49,4.6,62.6,63.36950884,0.890909091
55,4.9,62.9,65.75418777,0.916666667
58,5.4,60.4,58.04385125,0.920634921
48,4.4,62.7,60.57663528,0.888888889
55,5,62.1,62.55724644,0.916666667
67,5.6,62.7,62.50608891,0.943661972
49,4.4,63.3,65.97219822,0.890909091
51,4.5,64.4,65.87856635,0.894736842
53,4.7,64.8,64.72323566,0.898305085
50,4.7,63.3,63.20925375,0.892857143
48,4.5,63.3,63.89930998,0.888888889
47,4.4,63,62.44721136,0.886792453
40,3.9,62.9,64.27336554,0.833333333
36,3.9,61.5,61.73249785,0.818181818
44,4.3,61.4,62.76666922,0.862745098
42,4.2,61.2,61.55770673,0.857142857
45,4.5,60.7,61.40992381,0.865384615
46,4.2,63.1,64.76674756,0.867924528
41,3.9,63.8,65.27595616,0.836734694
45,4.3,62.9,59.92030175,0.882352941
35,3.8,61.9,60.04207401,0.813953488
35,3.6,62.9,62.57093147,0.813953488
38,4.1,61.2,61.56766939,0.826086957
30,3.3,65.2,64.89631863,0.769230769
31,3.4,65.5,67.51274281,0.794871795
35,3.6,63.2,63.72041593,0.813953488
36,3.5,63.9,63.2476525,0.818181818
35,3.7,63.4,63.84741323,0.813953488
33,3.7,62,62.75050087,0.785714286
33,3.5,62.8,61.95760849,0.804878049
26,3,66.2,68.27669658,0.742857143
36,3.9,61.8,62.48714194,0.818181818
25,3.1,64.9,62.86131916,0.714285714
21,2.7,65.7,65.80946913,0.677419355
30,3.2,66.3,67.21351728,0.789473684
24,2.8,66.5,64.43723913,0.727272727
31,3.4,66.2,65.0164138,0.775
27,3.1,66.2,66.52102504,0.75
26,3.2,65.7,63.03197319,0.722222222
23,2.8,66.1,67.2289911,0.696969697
25,3,66.2,66.33460938,0.714285714
21,2.7,66.2,66.20479532,0.677419355
23,3,65.9,66.32440097,0.696969697
26,3.2,65.5,69.09451959,0.722222222
27,3.1,65.9,64.53619459,0.75
25,2.9,66.5,67.75348256,0.714285714
23,2.9,66.4,65.85911706,0.696969697
22,2.8,66.5,67.0147014,0.6875
23,3,65.6,65.35613549,0.696969697
18,2.7,65.5,67.33500028,0.642857143
18,2.5,66,66.01500838,0.620689655
20,2.6,66.3,63.97872621,0.666666667
16,2.4,66.3,66.83058005,0.615384615
18,2.5,66.3,66.72035314,0.642857143
19,3,65,64.23029871,0.633333333
15,2.4,65.6,67.21261219,0.576923077
21,3,65.3,66.07406367,0.677419355
22,2.8,65.9,65.54725214,0.6875
15,2.4,65.9,66.60277858,0.576923077
19,2.7,65.8,64.73497679,0.633333333
19,2.6,66,64.41015701,0.655172414
16,2.5,66,66.02826154,0.592592593
18,2.7,65.7,65.80146591,0.642857143
17,2.4,66,66.83672376,0.62962963
13,2.4,65.6,66.04784362,0.541666667
15,2.4,65.8,67.88533571,0.576923077
13,2.2,66.1,67.94898494,0.541666667
16,2.4,66.3,64.80364705,0.592592593
13,2.3,66.3,67.39865361,0.541666667
12,2.2,66.2,64.75949623,0.5
12,2.4,65.7,64.96448495,0.5
14,2.6,65.3,65.09812306,0.56
17,2.4,65.9,65.07015084,0.62962963
12,2.3,65.9,64.00576377,0.5
12,2.2,66,66.04757136,0.5
13,2.2,66.1,66.92122653,0.541666667
11,2.2,66,65.80337502,0.47826087
10,2.2,65.7,63.98173721,0.454545455
7,1.9,65.7,65.10803942,0.368421053
12,2.2,65.9,66.84244849,0.5
12,2.2,66,64.93951501,0.52173913
13,2.4,65.8,68.73294671,0.541666667
12,2.1,66,66.14441498,0.52173913
11,2.1,66.3,64.98036802,0.47826087
12,2.2,66.3,65.87911674,0.52173913
10,2.1,66.3,66.101302,0.454545455
11,2.1,66.3,66.4612065,0.47826087
8,1.9,66.2,65.57000471,0.4
12,2.3,65.8,64.74926585,0.52173913
10,2,66,65.55669108,0.476190476
8,2,66.1,64.22863749,0.4
10,2.1,66.1,65.57148969,0.454545455
9,2,66,68.57767159,0.428571429
9,2,66.1,66.89700897,0.428571429
13,2.3,65.9,65.95279743,0.541666667
10,2.1,66,66.12339877,0.454545455
12,2.2,65.9,64.75526918,0.52173913
7,1.9,66,67.13238285,0.368421053
9,2,66,65.52698066,0.428571429
9,2,66,66.39213086,0.428571429
13,2.2,66.2,64.41326485,0.541666667
8,2,66.1,67.08394125,0.4
9,2.2,65.6,65.89962128,0.428571429
7,1.9,65.6,66.10360274,0.368421053
8,1.9,65.8,66.32260991,0.4
10,2,66,68.86092495,0.476190476
12,2.1,66.2,65.55133925,0.52173913
12,2.1,66.2,64.54177098,0.52173913
11,2.1,66.5,67.32339288,0.47826087
13,2.2,66.3,66.41862083,0.541666667
9,2,66.3,66.43917205,0.428571429
11,2.1,66.2,65.71116064,0.47826087
12,2.2,66.2,67.69293279,0.52173913
9,2,66.3,67.0814296,0.428571429
12,2.2,66.1,66.0202224,0.52173913
7,1.9,66.1,66.66244439,0.368421053
9,2,66.1,68.73032368,0.428571429
12,2.2,66.1,67.09734766,0.5
13,2.2,66.2,66.67380428,0.541666667
12,2.2,66.2,65.59770928,0.5
10,2,66.2,67.48954956,0.476190476
11,2.1,66.2,67.21340815,0.47826087
13,2.2,66.2,67.11522978,0.541666667
11,2.1,66.1,67.10418739,0.5
14,2.3,66.3,65.55930122,0.56
16,2.5,66,64.21461801,0.592592593
21,2.7,66.2,66.13931879,0.677419355
11,2.1,66.2,67.27216929,0.5
19,2.7,66,64.76465927,0.655172414
15,2.8,64.8,63.97910349,0.576923077
19,2.7,65.3,65.23698766,0.655172414
17,2.5,65.7,66.5761678,0.607142857
19,2.6,66,66.34439292,0.655172414
27,3.2,65.7,67.79503194,0.72972973
19,2.8,65.3,63.62586506,0.633333333
22,2.9,65.5,66.38357454,0.6875
22,2.7,66,66.13791169,0.6875
28,3.2,65.9,64.82189645,0.756756757
24,2.9,65.9,65.76320343,0.727272727
33,3.5,62.6,62.37807593,0.804878049
26,3.2,65.2,64.69841866,0.722222222
31,3.4,65.5,66.32680594,0.775
28,3.2,65.4,64.43251776,0.756756757
28,3.3,65,65.683893,0.756756757
27,3.2,65.1,63.73568611,0.72972973
32,3.4,65.6,68.80116718,0.8
30,3.3,65.4,65.96023139,0.769230769
35,3.6,63,65.49858276,0.813953488
29,3.7,63,60.67814621,0.763157895
29,3.4,63.7,65.85627472,0.763157895
33,3.5,62.1,62.34202773,0.785714286
32,3.4,65.6,64.48479871,0.8
36,3.8,61.9,63.40295087,0.818181818
37,3.7,62.8,63.66766764,0.822222222
38,4,61.6,61.68003342,0.826086957
31,3.7,63.6,62.58182936,0.775
39,4,60.6,59.9570783,0.847826087
35,3.9,60,61.62504403,0.813953488
33,3.6,60.3,59.82110211,0.804878049
39,4,60.4,59.66762928,0.847826087
43,4,62.8,62.85574998,0.86
45,4.2,63.2,62.79596852,0.865384615
42,4,63.2,63.49715039,0.857142857
42,4,63.5,65.17585779,0.857142857
43,4.2,62.4,60.63408952,0.86
47,4.7,60.1,60.09571915,0.87037037
42,4.4,58.9,58.16273201,0.857142857
46,4.4,59.7,60.55612576,0.884615385
50,4.7,59.9,58.79066774,0.892857143
45,4.2,61.3,61.63168198,0.882352941
47,4.3,62,62.94337745,0.886792453
46,4.3,62.1,61.25241764,0.884615385
60,5.1,62.8,64.28633735,0.9375
47,4.5,61.6,61.02931437,0.886792453
47,4.6,60.5,56.82603684,0.87037037
54,5,60,61.87915664,0.915254237
47,4.3,62.1,61.20501226,0.87037037
43,4.5,59.3,59.16631018,0.86
41,4.3,58.9,59.2286812,0.836734694
46,4.2,62,62.29946932,0.867924528
53,5.1,59.6,62.62462213,0.913793103
58,5.1,60.8,59.65717033,0.920634921
47,4.3,62.4,63.72438067,0.886792453
53,4.8,62.1,62.48490075,0.913793103
52,4.8,61.3,60.81403629,0.896551724
47,4.5,60.7,60.29577612,0.87037037
41,4.3,59.1,58.19105043,0.854166667
44,4.3,59.6,59.63783083,0.862745098
51,4.9,58.5,58.06949057,0.910714286
49,4.4,61.3,60.97509098,0.890909091
56,5.1,60.1,58.9456336,0.918032787
58,5.1,60.4,60.82860354,0.920634921
42,4.1,60.8,61.95118653,0.857142857
50,4.7,60.3,59.95711122,0.892857143
52,4.9,59.7,59.76637247,0.896551724
59,5.2,59.6,57.563005,0.936507937
50,4.7,59.6,58.28325382,0.892857143
51,4.6,61,58.4689959,0.894736842
47,4.5,60.1,61.12794072,0.886792453
60,5.2,59.8,58.7442838,0.923076923
41,3.9,60.3,61.58440313,0.836734694
51,5.1,58,58.93568249,0.894736842
48,4.6,58.6,59.58965441,0.888888889
41,4,59,61.97210501,0.854166667
52,4.7,60.3,60.64454635,0.896551724
55,5,60.2,59.6856972,0.916666667
45,4.3,61.4,60.00759985,0.865384615
54,5,60.2,58.24744559,0.915254237
51,4.8,59.7,59.56330948,0.894736842
51,4.6,61,59.34930344,0.894736842
49,4.7,59.8,60.0093587,0.890909091
42,4.2,59.9,61.19208989,0.857142857
46,4.5,59.6,59.75961423,0.867924528
50,4.6,61.2,61.4174325,0.892857143
51,4.6,62,62.12228805,0.894736842
47,4.6,60.6,62.1702245,0.886792453
45,4.2,62,61.16170614,0.882352941
52,4.7,62,62.91338194,0.896551724
45,4.2,62.9,62.62186507,0.865384615
48,4.4,62.8,61.19314311,0.888888889
48,4.6,61.7,59.41250381,0.888888889
48,4.6,60.9,62.72051883,0.888888889
45,4.4,61.2,60.70074035,0.865384615
49,4.5,62,61.08414788,0.890909091
60,5.3,61.6,58.6589461,0.923076923
48,4.7,59.9,59.03119065,0.888888889
50,4.7,60.6,61.14445497,0.892857143
41,4.1,61.1,59.83991157,0.854166667
50,4.7,60.4,59.4622678,0.892857143
51,4.7,60.4,60.51346275,0.894736842
46,4.5,59.2,60.09010289,0.884615385
48,4.3,61.5,59.94607028,0.888888889
46,4.3,62,62.16976077,0.867924528
56,5.1,60.5,59.21872782,0.918032787
52,4.9,59.6,57.14602944,0.896551724
51,4.8,59.5,61.55710917,0.894736842
45,4.2,61.2,60.83086891,0.882352941
47,4.6,60.2,59.7846255,0.87037037
50,4.7,60.2,60.21902039,0.892857143
56,5.1,59.6,59.55178172,0.918032787
56,5,59.8,61.13572951,0.918032787
55,4.9,60.3,59.61886941,0.916666667
46,4.4,60.5,60.17111211,0.867924528
50,4.7,59.8,58.80401464,0.892857143
44,4.3,60.2,60.97560618,0.862745098
64,5.6,58.2,58.03891646,0.941176471
47,4.3,61,60.56437692,0.87037037
52,4.9,59.8,60.5195252,0.896551724
43,4,61.5,60.70209448,0.86
42,4.1,61.5,59.65531567,0.857142857
51,4.6,61.7,63.16870043,0.894736842
44,4.3,60.9,59.09250203,0.862745098
41,3.9,62.2,62.76704224,0.836734694
52,4.7,61.8,60.67372699,0.896551724
49,4.6,60.7,60.99694356,0.890909091
40,3.9,61.3,62.27059782,0.85106383
46,4.3,61.8,62.82539494,0.867924528
42,4.1,61.9,60.12736945,0.857142857
53,4.7,62.1,64.37273412,0.913793103
51,4.6,62.3,63.85498304,0.894736842
48,4.3,62.9,61.74136083,0.888888889
55,4.9,61.6,61.76169453,0.916666667
53,4.8,61.5,62.29922711,0.913793103
52,4.6,62.3,62.78217061,0.896551724
46,4.5,61.3,60.55094897,0.867924528
53,4.6,62.5,62.04171929,0.898305085
44,4.2,62.1,61.79379823,0.862745098
49,4.5,62,61.02024343,0.890909091
46,4.5,60.4,58.92306378,0.867924528
44,4.1,61.3,60.37772615,0.862745098
52,4.7,61.8,62.0962189,0.896551724
47,4.5,60.9,63.19842704,0.87037037
41,4.1,60.9,62.97026092,0.836734694
49,4.4,61.7,59.89969342,0.890909091
45,4.2,61.9,60.3253262,0.882352941
37,3.7,62.2,63.29513078,0.822222222
33,3.5,62.2,61.68491616,0.785714286
31,3.5,64.8,63.85800102,0.775
35,3.6,62.1,61.24234286,0.813953488
32,3.3,66.1,65.68244395,0.780487805
41,4,63,63.73471637,0.854166667
36,3.8,62.1,61.84174693,0.818181818
38,3.7,63.1,60.48914391,0.826086957
33,3.7,61.8,62.71811346,0.785714286
37,3.7,62.9,62.3105427,0.822222222
32,3.4,66.1,66.88004806,0.780487805
29,3.1,66.5,65.88072568,0.763157895
44,4,64,65.84526594,0.862745098
32,3.4,67.1,66.71314684,0.780487805
33,3.4,66.8,65.92785271,0.785714286
21,2.8,66.4,67.42338968,0.65625
27,3.2,66,65.82098825,0.75
28,3.2,66,67.41737176,0.756756757
25,3,66,67.17590463,0.735294118
32,3.4,65.8,67.78584892,0.8
34,3.6,62.2,63.10039844,0.80952381
30,3.2,66,66.44317569,0.769230769
36,3.9,61.8,60.23717681,0.818181818
23,2.9,65.3,67.43646217,0.696969697
29,3.2,65.6,65.92631376,0.763157895
31,3.2,66.4,67.54330246,0.794871795
30,3.3,65.9,62.99686137,0.769230769
29,3.2,66,64.66070686,0.763157895
27,3.2,65.7,63.26691738,0.75
26,3,65.9,66.94537725,0.722222222
35,3.5,63.5,62.52547397,0.813953488
26,3.2,65.8,63.48349391,0.742857143
28,3.1,66.2,64.38539682,0.756756757
23,2.9,66,64.34165542,0.696969697
26,3,66.1,67.43673384,0.742857143
33,3.4,66.4,66.1892823,0.785714286
28,3.1,66.7,68.59371132,0.756756757
25,3,66.2,67.75601084,0.735294118
22,2.8,66.3,66.54406167,0.6875
36,3.7,63,62.44878622,0.818181818
26,3,66.3,67.79812603,0.722222222
25,3,66.3,65.55588187,0.714285714
28,3.1,66.3,66.54076457,0.756756757
21,2.7,66.2,67.62051788,0.677419355
21,2.7,66.2,64.75213554,0.677419355
26,3.1,66.2,64.71742818,0.722222222
31,3.4,65.6,65.11046778,0.775
24,2.9,66,67.84918575,0.705882353
20,2.7,66,65.65813733,0.666666667
23,2.8,66.2,67.06185971,0.696969697
26,3.1,65.9,68.56273575,0.722222222
19,2.6,65.9,67.59349878,0.655172414
28,3.1,66.2,64.76793296,0.756756757
20,2.7,66.1,67.49260797,0.666666667
25,2.9,66.2,68.87531558,0.735294118
19,2.6,66.2,64.75364844,0.655172414
19,2.6,66.2,65.30672421,0.633333333
21,2.8,66.1,66.90540947,0.677419355
19,2.5,66.3,65.33323938,0.633333333
19,2.6,66.1,66.08091634,0.633333333
18,2.6,66.1,64.30575236,0.620689655
19,2.7,65.9,64.6070463,0.633333333
21,2.7,65.8,66.79233808,0.677419355
18,2.6,65.7,68.46859016,0.620689655
22,2.8,65.8,66.19825655,0.6875
15,2.4,65.9,69.21639833,0.576923077
17,2.4,66.2,65.5117756,0.607142857
20,2.6,66.3,67.62037135,0.666666667
19,2.6,66.2,65.66583795,0.655172414
15,2.4,66.1,65.63860423,0.576923077
18,2.7,65.8,64.37026882,0.620689655